title,link,content
[가입자 100만명 모은다더니… 통신 3사 계륵된 클라우드 게임],https://n.news.naver.com/mnews/article/366/0000899987?sid=105,"[
LGU+, 엔비디아 ‘지포스나우’ 공급 중단KT게임박스, 오는 6월 30일 서비스 종료선방한다는 SKT도  이용자 목표치 ‘10분의 1’“기반인 ‘5G’ 품질 떨어져… 팔릴 리 만무”



LG유플러스가 엔비디아의 클라우드 게임 서비스 ‘지포스나우’의 공급을 중단한다./지포스나우코리아 홈페이지 캡처        통신 3사가 ‘5G(5세대 이동통신) 킬러 콘텐츠’로 내세웠던 클라우드 게임 사업에서 발을 빼고 있다. 각 사가 앞다퉈 사업 진출을 알린지 3~4년이 지났지만 여전히 진성 이용자 수를 10만명도 모으지 못한 탓이다. 클라우드 게임 산업 규모가 오는 2026년 110억파운드(약 18조원)에 달할 것이란 글로벌 시장 전망과 반대로 가는 모습이다. 업계에서는 당초 약속한 만큼 5G 서비스 품질을 개선하지 못한 데다, 국내 게임 시장을 제대로 파악하지 못한 채 사업에 뛰어들었기 때문에 실패를 면치 못했다는 분석이 나온다.9일 업계에 따르면 LG유플러스는 오는 7월 1일 또는 그 이전에 엔비디아의 클라우드 게임 서비스 ‘지포스나우’의 공급을 중단할 계획이다. LG유플러스는 2019년부터 엔비디아와 제휴를 맺고 지포스나우를 공급해왔다. 지포스나우의 게임을 모바일, PC, IPTV 등에서 이용할 수 있도록 제공하는 식이었다. LG유플러스는 지난해까지만 해도 월 9900원 가격의 멤버십을 선보이는 등 사업 확대에 나섰다.KT는 최근 클라우드 게임 사업을 일임했던 부서 ‘클라우드DX사업TF’에 디지털 트윈 신사업을 맡기면서 전략을 변경하는 모양새다. KT는 2020년 8월부터 ‘KT게임박스’를 서비스해왔다. 다만 KT게임박스는 오는 6월 30일까지 종료할 예정이다. 이를 위해 지난해 말 ‘컨트롤러팩’ ‘KB 나라사랑카드’ 등 신규 가입 상품 판매를 중단한 데 이어 올해 2월 신규 가입을 중단했다.그나마 클라우드 게임 사업 명맥을 이어가고 있는 건 SK텔레콤이다. SK텔레콤은 2020년 9월부터 마이크로소프트(MS)와 손잡고 엑스박스 게임을 클라우드로 제공 중이다. 콘솔 게임을 클라우드로 제공하는 건 SK텔레콤이 유일하다. 때문에 업계에서는 SK텔레콤이 제공하는 클라우드 게임이 다양한 반면 KT와 LG유플러스가 시장 장악력을 넓히기는 어려웠을 것이란 분석이 나온다.하지만 SK텔레콤도 이용자를 채 10만명도 확보하지 못한 것으로 파악됐다. 각 사 사업 현황에 정통한 업계 관계자는 “그나마도 현지에서 제공하지 않는 게임을 하기 위해 가입한 해외 열혈 이용자를 포함한 것”이라며 “서비스 출시 초기에 진행한 ‘월 100원 무제한 이용’ 프로모션 이후 뚜렷한 증감이 없었던 걸로 알고 있다. 실제로 서비스를 쓰는 이용자는 10만명보다 적을 것”이라고 전했다.SK텔레콤 관계자는 “구체적인 수치는 확인이 어렵지만, 3사 중 이용자 수가 가장 많은 건 사실이다”라고 했다. KT와 LG유플러스는 이용자 수를 공개하지 않고 있다. SK텔레콤과 KT는 각각 ‘2023년까지 가입자 100만명 확보’ ‘2022년까지 가입자 100만명 확보’를 목표로 세운 바 있다.



한국전자통신연구원(ETRI)이 지난해 6월 발표한 ‘최근 국내 이동통신서비스 이용행태 분석’ 보고서 중 일부 발췌. ETRI는 2021년 전국 20~59세 LTE·5G 스마트폰 이용자 2048명을 대상으로 설문조사를 실시한 결과, 5G를 이용하지 않으려는 가장 큰 이유로 'LTE와 속도 차이 없을 것 같아서(58%)'와 '요금이 비싸서(58%)'가 꼽혔다고 밝혔다. /ETRI        업계는 통신 3사의 실패 요인을 5G 품질 미흡으로 보고 있다. 통신사들은 5G가 LTE(4세대 이동통신)보다 속도가 빠르다고 주장하며 5G를 기반으로 한 클라우드 게임을 부가서비스로 출시, 상용화에 나섰다. 하지만 막상 이용자들이 체감하는 5G와 LTE의 품질 차이가 적어 이용자 수가 늘지 않았다는 것이다. 또다른 업계 관계자는 “클라우드 게임을 계기로 5G 모바일 가입자 수가 크게 늘었다면 LG유플러스가 사업을 철수하는 일은 없었을 것”이라고 했다.일각에서는 통신사들이 국내 시장 수요를 제대로 파악하지 못한 것이란 지적도 나온다. 업계 관계자는 “현존하는 클라우드 게임 대부분이 기존에 있던 PC, 콘솔 게임을 모바일로 구현한 것이다. 따라서 처음부터 모바일 환경을 염두에 두고 만든 게임과 비교했을 때 아무래도 조작성이 떨어진다”며 “국내 게이머들을 만족시키기가 어렵다는 뜻”이라고 설명했다. 그러면서 그는 “인기 있는 클라우드 게임이라면 ‘롤’ 정도인데, 롤은 방향키만 있으면 될 정도로 조작이 간편하다”고 덧붙였다.SK텔레콤은 MS와 계속해서 클라우드 게임 사업을 이어갈 방침이다. KT도 디지털 트윈 기술 등과 연계해 새로운 사업 모델을 발굴 중이라는 입장이다. KT 관계자는 “이전과 다른 유통 방식을 도입한 모바일 스트리밍 게임 서비스를 준비 중이다”라며 “현재 이름을 공개하기 어려운 파트너사와 NDA(비밀유지계약)를 맺고, 백그라운드에서 게임이 자동 플레이되도록 하는 등 부가기능을 넣은 서비스를 검토 중이다”라고 했다.
]"
"[1분기는 잊고… '절치부심' 게임사, 신작으로 승부수]",https://n.news.naver.com/mnews/article/014/0004999560?sid=105,"[
넥슨만 영업익 18% 증가 '선방'시총 상위 4개사 수익방어 실패넷마블·엔씨·카카오게임즈 등 다양한 신작 속속 출격 대기 



 국내 주요 게임사들이 올해 1·4분기 실망스러운 성적표를 받아들 것으로 예상된다.   특히 시가총액 상위 4개 업체인 엔씨소프트(엔씨), 크래프톤, 넷마블, 카카오게임즈는 영업이익이 하락해 수익 방어에 실패한 것으로 보인다. 이에 올해 출시 예정인 신작의 흥행이 더욱 절실해진 상황이다. 다만 일본에 상장된 넥슨은 선방한 것으로 전망된다.   ■엔씨 등 주요 게임사 실적 저조   19일 금융정보업체 에프앤가이드 실적 컨센서스(전망치)에 따르면 이날 기준 시가 총액 상위 4개사(크래프톤·엔씨·넷마블·카카오게임즈)의 수익이 전년 동기 대비 하락했을 것으로 전망된다.   특히 엔씨는 1·4분기 매출 5095억원, 영업이익 494억원을 기록한 것으로 추산된다. 이는 전년 동기 대비 매출은 35.5%, 영업이익은 80% 가량 급감한 결과다. 주요 게임인 리니지2M과 리니지W의 대형 업데이트 부재 등으로 매출 타격을 입었다. 신규 다중접속역할수행게임(MMORPG) 게임들이 올해 쏟아져 나오면서 경쟁도 심화되고 있다는 분석이다.   같은 기간 크래프톤 예상 매출은 4932억원, 영업이익은 2124억원이다. 매출은 전년 동기 대비 5.7%, 영업이익은 31.9% 감소했다. 지난해 출시된 신작 '칼리스토 프로토콜' 매출이 빠지고, 장수 지식재산권(IP) 게임 배틀그라운드 매출이 오를 모멘텀이 없었다는 평가다.   넷마블은 예상 매출 6468억원, 영업손실 186억원을 기록했다. 매출은 2.4% 올랐지만 적자는 확대된 모양새다. 분기 기준 지난해 1·4분기부터 적자를 내고 있다. 이번 1·4분기에도 특별한 신작 출시가 없었고, 기존 게임 라인업의 매출도 감소하고 있다. 카카오게임즈의 예상 매출은 2847억원, 영업이익은 303억원으로 전년 동기 대비 매출은 6.9% 상승했지만, 영업이익이 27.9% 떨어졌다. 이는 신작 출시 등에 따라 마케팅 비용이 늘어난 데 따른 것으로 분석된다.   다만 넥슨은 1·4분기 매출 1조1467억원, 영업이익 4447억원으로 전년 동기 대비 각각 28%, 18% 증가한 것으로 예측된다.   ■기대작 출시, 라인업 확대로 돌파   이에 게임사들은 신작 출시와 라인업 확대 등으로 실적 만회에 나선다는 전략이다.   업계 관계자는 ""올해는 다양한 신작이 출시되고 있어 적절한 시기를 찾는 것이 중요할 것""이라고 말했다. 엔씨는 PC 및 콘솔 신작 쓰론앤리버티(TL)를 올해 출시한다. 상반기에서 하반기로 출시 목표 시점이 지연됐지만, PC·콘솔 MMORPG가 전 세계적으로 수요가 높은 만큼 TL에 대한 시장의 기대는 커지고 있다.   넷마블은 올해 '나 혼자만 레벨업: 어라이즈', '아스달 연대기' 등 신작을 선보일 예정이다. 또 지난해 말부터 4종의 게임에 대한 중국 판호를 발급받아 올해는 중국 퍼블리셔로부터 로열티 수익도 기대된다. 카카오게임즈는 1·4분기부터 '에버소울', '아키에이지 워' 등 신작을 출시했다. 특히 1·4분기 말 출시된 아키에이지 워 매출이 2·4분기부터 실적에 반영되고, 또 다른 신작 '아레스: 라이즈 오브 가디언즈' 출시에도 박차를 가하고 있다.   크래프톤은 '신작 효과'를 비교적 늦게 볼 것으로 분석된다. 산하 독립스튜디오인 라이징윙스에서 개발하는 모바일 실시간 전략 게임 '디펜스 더비'는 연내 출시된다. 다만 트리플A급 신작인 '프로젝트 블랙버짓' 등은 내년이 돼야 출시될 것으로 보인다. 기대작 '눈물을 마시는 새'도 2025년 출시를 바라보고 있다.  
]"
[],https://sports.news.naver.com/news.nhn?oid=439&aid=0000025895,[]
"[삼정KPMG, 올해 게임 산업 10대 트렌드 제시…""콘솔·모바일·PC 넘나드는 플랫폼 다양화""]",https://n.news.naver.com/mnews/article/015/0004805240?sid=101,"[
			올해 게임 산업의 트렌드로 콘솔, 가상현실(VR), 증강현실(AR) 등 기술이 주목받을 것이라는 분석이 나왔다.31일 삼정KPMG는 ‘2023 게임 산업 10대 트렌드’를 발간하며 올해 국내·외 게임 산업의 트렌드와 게임 시장 내 이해관계자를 위한 산업 동향을 점검했다고 밝혔다.



제공=삼정KPMG삼정KPMG는 지난해 국내 게임 산업 매출이 전년 대비 8.5% 성장한 22조7000억원을 기록한 것으로 추정했다. 올해 게임 산업 트렌드로는 빅테크의 인수합병(M&amp;A)과 게임 플랫폼 다양화를 제시했다.삼정KPMG에 따르면 글로벌 빅테크 기업은 적극적인 M&amp;A를 통해 다양한 게임 지식재산권(IP)를 확보하고 있다. 이를 통해 자사 플랫폼 내의 구독경제 활성화를 추진한다는 분석이다. 마이크로소프트는 2020년 제니맥스 미디어를 81억 달러(약 9조9000억원)에 인수한 데 이어 게임 기업 인수에 지속적으로 관심을 보이고 있다. 넷플릭스는 지난해 게임 개발사 보스 파이트 엔터테인먼트와 넥스트게임즈를 인수하며 게임 시장 진출을 알렸다.삼정KPMG는 “빅테크 기업은 자사가 보유한 높은 기술력을 활용해 게임 산업의 플랫폼 확장에 주목하고 있다”며 “웹 3.0 기반 게임을 구현하기 위한 블록체인, 메타버스, 신규 VR, AR 기술과 클라우드 기술을 활용한 시장 확대를 도모하고 있다”고 설명했다.게임 플랫폼의 다양화 노력과 함께 콘솔 게임이 새로운 트렌드로 떠올랐다는 분석이 나온다. 지난해 11월 개최된 ‘지스타 2022’에서 넷마블과 넥슨은 PC, 모바일, 콘솔 등 다양한 플랫폼에서 동일한 게임을 즐길 수 있는 멀티 플랫폼 및 크로스 플레이 기반의 게임을 시연했다.게임사들이 VR, AR 디바이스를 활용해 이용자의 실제 움직임을 활용하거나 메타버스 생태계에서 이용할 수 있는 게임 등 새로운 플레이스타일을 제시할 것이라는 게 삼정KPMG의 분석이다.삼정KPMG는 글로벌 게임 산업의 구독 서비스 시장 규모는 올해 85억 달러(약 10조4000억원)로 커질 것으로 봤다. 삼정KPMG는 “구독 서비스를 통한 게임 출시는 초기 이용자 수를 확대하는 효과가 있다”며 “게임 구독형, 채널 구독형, 번들형 등의 다양한 형태로 제공되며 시장의 수요를 반영한 다양한 구독 서비스의 발전이 이뤄질 것”이라고 전망했다.최진석 삼정KPMG 전자정보통신미디어산업본부 상무는 “게임 산업에서 콘텐츠 IP, 장르, 플랫폼 다변화 등을 통해 산업 혁신을 위한 노력이 지속되고 있다”며 “게임 기업은 경쟁력 강화를 위해 클라우드 기반 플랫폼을 운영하는 글로벌 대형 기업과 협업을 도모하고 M&amp;A를 지속 검토하는 것이 필요하다”고 강조했다.
]"
[],https://sports.news.naver.com/news.nhn?oid=442&aid=0000158804,[]
[새해 대작 게임 쏟아진다… PC·콘솔 게임 붐 타고 게이밍기어 1위 앱코 ‘진격’],https://n.news.naver.com/mnews/article/277/0005201910?sid=101,"[
게임업계 신작 출시 릴레이게이밍기어 업종 동반 수혜콜라보 검토도 활발 연초부터 게임업계가 신작 출시 기대감에 들썩이고 있다. 과거 PC방 점유율의 상위권을 차지했던 인기 게임들의 신작이 대거 출시되면서 역대급 경쟁이 펼쳐진다. 이에 게이밍기어 업계에서도 수혜 기대감이 덩달아 커지고 있다.6일 업계에 따르면 넥슨, 엔씨소프트, 넷마블, 네오위즈, 펄어비스, 블리자드엔터테인먼트 등 주요 게임업체는 올해 PC와 콘솔 게임 출시 준비에 한창이다. 한동안 국내 게임시장의 트렌드였던 모바일 게임에서 PC, 콘솔 게임의 비중이 다시 높아지는 모습이다.넥슨의 효자게임 ‘카트라이더: 드리프트’는 오는 12일 프리시즌을 연다. PC와 모바일로 서비스를 출시하고 이후 콘솔 플랫폼으로 확장할 계획이다. 또한 PC 게임 ‘퍼스트 디센던트’ 출시도 예고돼 있다.엔씨소프트는 기대작 ‘쓰론앤리버티(TL)’ 출시를 앞두고 있다. 모바일 게임 위주로 개발했던 넷마블 또한 ‘하이프스쿼드’를 상반기 글로벌 출시해 PC 게임 라인업을 넓히고 ‘파라곤: 디오버프라임’의 콘솔 버전을 공개한다. 블리자드의 디아블로 시리즈 차기작 ‘디아블로4’도 상반기 출시를 예고했다.또다른 인기 기대작인 네오위즈의 ‘P의 거짓’, 펄어비스의 ‘붉은사막’ 등 줄줄이 쏟아지는 PC, 콘솔 신작은 올 한 해 게임시장을 뜨겁게 달굴 전망이다.게임사들이 PC 게임 시장으로 다시 눈을 돌리는 데는 모바일 게임 시장의 성장 둔화가 주요한 영향을 미쳤다는 분석이 나온다. 데이터 분석 플랫폼 데이터에이아이의 ‘2023년 글로벌 모바일 시장 전망’ 보고서에 따르면 올해 국내 모바일 게임 시장은 전년대비 9% 줄어들 것으로 예측된다.실내 마스크 착용 의무를 ‘권고’로 바꾸는 논의가 한창인 가운데 PC방도 코로나19 이전의 매출을 회복할 것이란 기대가 높다. 국내 PC방 점유율 1위 업체 앱코에 대한 관심이 높아지는 이유다.앱코 관계자는 “코로나19로 영업이 중단됐던 과거에 비해 최근에는 PC방 분위기가 현저히 살아난 것을 체감한다”며 “특히 올해는 다수의 신작 출시가 예정돼 있는 만큼, 글로벌 게임사들과 콜라보 제품 개발 등 다양한 파트너십으로 사업 포트폴리오를 다양화할 계획을 가지고 있다”고 말했다.앱코의 게이밍기어 제품은 국내 PC방 시장에서 점유율 약 80%를 차지한다. 해커, 콕스 등 다양한 브랜드로 홈 게이밍기어 시장에서도 신규 수요를 만들어냈다. 올해는 인기게임 콜라보를 통해 제품 차별화에 나서고 글로벌 시장에서도 인지도를 높이겠다는 전략이다. 2021년 펄어비스의 ‘검은사막’ 공식 라이선스 게이밍기어를 출시하고 2022년 블리자드의 ‘디아블로 II: 레저렉션’ 공식 라이선스 게이밍기어 제작에 참여한 바 있다.
]"
"[""게임콘솔 사라지고 TV로 대체""…삼성전자 실리콘밸리 연구소에서 바라본 미래]",https://n.news.naver.com/mnews/article/030/0003071926?sid=105,"[
			“마이크로소프트 엑스박스나 소니 플레이스테이션 같은 콘솔게임기는 시장에서 사라질 것입니다. 대중은 가장 편리한 콘텐츠 경험을 원한다는 원칙에 따라 결국 리모컨이나 컨트롤러만 있으면 게임을 즐길 수 있는 TV로 다양한 수요가 집중될 것입니다.”



김상윤 삼성전자 영상디스플레이사업부 북미서비스비즈담당 부사장.김상윤 삼성전자 영상디스플레이사업부 북미 서비스 비즈니스 담당 부사장은 지난 7일(현지시간) 미국 실리콘밸리 소재 삼성전자 삼성리서치 아메리카(SRA)에서 열린 브리핑에서 이같이 밝혔다.김 부사장은 “대부분 실리콘밸리 주력 산업은 하드웨어(HW) 보급 이후 소프트웨어(SW)와 콘텐츠 확산으로 이어진다”라며 “삼성전자는 세계에 수십억대 디바이스를 보급한 기업으로서 앞으로 할 수 있는 비즈니스가 무궁무진하다”라고 강조했다.그러면서 “앞으로 삼성전자가 뭘 할 것이냐라는 질문에 대한 답은 앞서 말한 부분에서 찾으면 된다”고 했다. 김 부사장은 “대중은 자신이 원하는 경험을 최대한 쉽게 할 수 있는 방법을 선택하며, 앞으로도 그럴 것”이라면서 “이에 맞춰 비즈니스 모델을 만들고 있다”라고 말했다.김 부사장은 '비디오·DVD' 산업이 스트리밍 서비스 등장으로 사라진 사례를 예로 들며 게임 산업도 이와 비슷한 형태로 흘러갈 것으로 전망했다. 그는 “지금은 엑스박스와 플레이스테이션, PC 같은 기기로 게임을 접하는 형태가 주류지만 수십만원에서 수백만원에 달하는 게임기기를 구매해야 한다는 것은 분명 접근을 가로막는 장벽”이라고 지적했다.이에 따라 삼성전자가 내다보는 유망 서비스는 '클라우드 게이밍'이다. 누구나 집에 있는 TV로 게임을 즐길 수 있는 클라우드 게이밍 서비스가 대세로 자리잡을 것이라는 의견이다. 삼성전자는 콘솔 없이도 TV에서 스트리밍 게임을 즐길 수 있는 '삼성 게이밍 허브' 서비스를 지난해 6월 시작했다. 김 부사장은 “TV는 앞으로 게이밍, OTT를 넘어 향후 다양하게 생겨날 콘텐츠를 대중이 접할 수 있는 '멀티디바이스기기'로 지속 발전할 것”이라고 내다봤다.



노원일 삼성리서치 아메리카 연구소장 부사장.이날 노원일 SRA 연구소장 부사장은 연구 방향과 비전에 대해 설명했다. 삼성리서치는 삼성전자 DX부문 선행 연구개발 조직이다. 한국과 해외 14개국에서 글로벌 R&amp;D센터를 운영한다. 650여명 연구원이 근무하는 SRA는 차세대 통신과 인공지능(AI)은 물론 로봇, 디지털 헬스, 멀티미디어, 카메라, SW 플랫폼 등 다양한 분야로 연구를 확장하고 있다.노 부사장은 “SRA는 '혁신적 우수성 기반이 되자'라는 미션 아래, 삼성전자 DX부문 미래 제품 및 서비스 핵심 기술을 연구하는 곳”이라고 소개했다.삼성전자가 차세대 통신 분야에서 연구개발 리더십을 강화하는 가운데 SRA는 2019년부터 5G 기술 고도화와 6G 기술 연구에 주력하고 있다.모바일 기기부터 TV, 가전 등을 전세계 시장에 선보이고 있는 삼성전자는 소비자들에게 총체적인 경을 제공할 수 있는 독보적인 입지를 갖추고 있으며, 변화하는 소비자들을 만족시킬 수 있는 혁신적인 경험을 개발하는데 힘쓰고 있다.



미국 실리콘밸리에 위치한 삼성전자 DS부문 미주총괄.SRA는 글로벌 신기술 개발의 격전지인 실리콘밸리에서 삼성전자의 미래 먹거리가 될 제품 콘셉트를 구상하고 이에 필요한 기술을 구현할 수 있도록 다양한 신기술을 접목할 계획이다.SRA는 글로벌 인재 양성 전진기지이기도 하다. 노 부사장은 “핵심 인재 영입 경쟁이 치열한 실리콘밸리에서도 삼성전자 문을 두드리는 인재가 많은 이유는 삼성은 선행 연구에서부터 디바이스 생산까지 이어지는 모든 과정을 참여할 수 있는 독보적 기업이라는 점”이라고 설명했다.현지 우수 인력 중에는 특정 기술을 연구만 하는 것으로 만족하지 못하고 연구 결과가 디바이스로 대중들이 사용하는 것까지 이어지는 것에 가치를 크게 둔다는 설명이다.삼성전자는 실리콘밸리에 위치한 DS(반도체)부문 미주총괄도 공개했다. DS 미주총괄에는 1200여명 글로벌 인재들이 모여 반도체 연구개발과 영업·마케팅 등을 담당한다. 메모리·시스템 LSI·파운드리 사업부 연구 조직도 함께 있어 본사·현지 간 시너지를 창출하고 있다.DS 미주총괄은 전 세계 반도체 시장의 약 50%를 차지하고 있는 미국 시장을 담당하고 있으며, 우수한 연구 인력을 기반으로 삼성전자가 반도체 분야에서 업계 리더십을 공고히 하는데 기여하고 있다DS 미주총괄 사옥은 낸드플래시 메모리의 3단 적층 구조를 본 따 설계된 10층 규모 건물로, 실리콘밸리에서 반도체 업계를 상징하는 랜드마크다.한진만 DS 미주총괄 부사장은 “DS 미주총괄은 미주 지역 반도체 사업 경쟁력 강화를 위해 연구개발·영업·마케팅·고객지원 역량 등을 결집하는 역할을 하고 있다”라며 “점차 확대되는 미국 시장의 중요성을 감안해 메모리·시스템 LSI·파운드리 분야 기술과 사업 대응 능력을 고도화할 것”이라고 밝혔다.



미국 실리콘밸리에 위치한 삼성전자 DS부문 미주총괄 사옥. 낸드플래시 메모리의 3단 적층 구조를 본 따 설계된 10층 규모의 건물로, 현지에서 반도체 업계를 상징하는 랜드마크로 통한다.
]"
"[마우스·키보드의 귀환…게임, 다시 PC·콘솔로 즐겨라]",https://n.news.naver.com/mnews/article/119/0002671425?sid=105,"[
국내 게임업계 3N, PC게임 개발 박차국내 모바일게임 시장 성장률 급감게임의 본질 ‘조작의 재미’ 지향 추세‘디아블로4’ 출시로 PC게임 경쟁 치열 전망



넷마블 부스 방문객들이 지난달 18일 ‘지스타 2022’ 넷마블관에서 PC·모바일 신작 MMORPG ‘아스달 연대기’의 대규모 전투 ‘개척전’을 플레이하고 있다. ⓒ넷마블[데일리안 = 민단비 기자] 국내 게임산업의 중심축이 모바일에서 PC로 서서히 이동하고 있다. 지난 10년 가까이 모바일게임이 대세였지만 이제는 게임 이용자들이 모바일 게임에서 경험하기 힘든 게임의 본질적인 재미를 찾고 있고, 게임사들은 이들의 수요에 맞춰 PC게임 비중을 늘리는 모습이다.최근 국내 게임사들이 PC게임 시장에 뛰어들고 있다. 국내 대표 게임사인 넥슨과 엔씨소프트는 각각 PC·콘솔 기대작 ‘퍼스트 디센던트’와 ‘쓰론앤리버티(TL)’를 내년 글로벌 출시를 목표로 개발하고 있다. 모바일 게임 위주로 개발해왔던 넷마블은 ‘파라곤: 디 오버프라임’, ‘하이프스쿼드’ 등 PC게임을 제작하며 모바일에서 PC로 플랫폼을 넓히고 있다.이들은 올해 상반기 까지만 해도 모바일 게임 위주로 출시해왔다. 인지도가 있는 게임만 열거하자면 넥슨은 지난해 ‘블루아카이브’를 시작으로 ‘던전앤파이터 모바일’, ‘히트2’를, 엔씨는 ‘트릭스터M’, ‘블레이드앤소울2’, ‘리니지W’를 출시했다. 넷마블은 ‘제2의나라’, ‘세븐나이츠 레볼루션’, 크래프톤은 ‘뉴스테이트 모바일’, 카카오게임즈는 ‘오딘: 발할라 라이징’을 선보였다. 2020년부터 올해까지 3년 연속 ‘대한민국 게임대상’ 수상의 영광을 누린 게임도 모두 모바일 게임이다.그러나 게임사들은 최근 모바일에서 PC 게임으로 눈을 돌리고 있다. 그 배경에는 모바일게임 시장의 성장 둔화가 있다. 지난해 국내 모바일 게임 매출은 11조8654억원으로 전체 게임산업 매출의 59.2%를 차지했으나, 연평균 성장률은 지난 2020년 39.9%에서 올해 4%까지 떨어질 전망이다. 데이터 및 분석 플랫폼 데이터에이아이도 국내 모바일게임 시장이 9% 줄어들 것이라는 부정적 전망을 내놨다.모바일게임 성장세가 주춤한 것은 자동이동 및 사냥 등 자동 시스템으로 확률형 아이템(뽑기)에 편중된 모바일 게임의 재미가 한계에 도달했기 때문이라는 분석이 나온다. 게임의 본질인 ‘수동조작’이 다시 인기를 얻고 있다는 의미다. 실제로 모바일 게임 중에서도 수동 전투를 앞세운 ‘던파 모바일’, ‘원신’ 등이 이용자들로부터 큰 인기를 끌어왔다. 모바일 게임에서도 수동전투를 강조할 수 있으나 PC·콘솔 플랫폼에서 그 재미가 더욱 극대화되는 만큼 게임사들은 PC·콘솔 플랫폼 비중을 늘리는 분위기다.PC게임을 개발 중인 게임업계는 최근 관련 인력 채용에도 적극 나서고 있다. 넥슨은 ‘워헤이븐’, ‘프로젝트TB’, ‘프로젝트NV’, 엔씨소프트는 ‘프로젝트G’ 개발 프로그래머를 채용하고 있다. 넷마블엔투는 ‘RF프로젝트’ 개발자를 채용 중이다.게임사들은 글로벌 시장 공략을 목적으로 PC와 함께 콘솔버전도 개발하고 있다. 다른 게임 플랫폼을 이용해도 함께 즐길 수 있는 ‘크로스플랫폼’을 지원하는데, 북미·유럽은 콘솔 시장이 더 큰 만큼 일타쌍피 효과를 누리려는 전략으로 풀이된다. 한국콘텐츠진흥원에 따르면 전 세계 콘솔게임 시장 규모는 2020년 약 74조로 국내 모바일 게임 시장의 7배가 넘는다. 2023년에는 90조 이상 성장할 것으로 전망된다.국내에서 PC게임간 경쟁은 내년부터 치열해질 전망이다. 엔씨소프트는 ‘TL’을 내년 상반기, 블리자드엔터테인먼트는 디아블로 시리즈 차기작 ‘디아블로4’를 내년 6월 출시를 예고하면서 기대작들의 출시일이 겹쳤기 때문이다. 10년 이상된 게임들이 수년째 PC방 점유율 상위권을 차지하는 가운데 신작들이 판도를 뒤집을 수 있을지 귀추가 주목된다.
		]"
"[PC·콘솔 플랫폼 중무장… K게임, 북미·유럽 상륙작전]",https://n.news.naver.com/mnews/article/014/0004950937?sid=105,"[
국내산업 규모 성장 한계 감안대형 게임사 잇단 신시장 개척엔씨·넥슨 등 콘솔 데뷔전 사력해외시장 공략 전담 TF 구성도 



  국내 대형 게임사들이 새해부터 글로벌 시장 공략에 박차를 가하고 있다. 북미·유럽 등 서구권에서 대세인 콘솔 게임을 잇따라 출시하는가 하면 자체 프로젝트 조직을 구성해 해외 사업에 집중하는 기류가 확산되고 있다.   ■대형 게임사들, PC·콘솔 대작 게임 줄줄이   3일 한국콘텐츠진흥원이 발표한 '2022 대한민국 게임백서'에 따르면 2021년 기준 국내 게임산업 수출액은 86억7000만 달러(약 10조9800억원)로 전년 대비 5.8% 증가한 것으로 나타났다.   콘진원 관계자는 ""수출 국가가 다변화되고 있고, 게임사들이 플랫폼 다변화를 통해 해외 시장에 진출하는 부분도 향후 포함될 예정이기 때문에 이후 수출액 규모는 더욱 커질 수 있다""고 내다봤다. 이처럼 'K-게임'의 수출 전망이 밝은 가운데 엔씨소프트, 넥슨 등 주요 게임사들도 해외에 눈독을 들이고 있다.   대표적으로 엔씨는 올 상반기 PC·콘솔 기반의 다중접속역할수행게임(MMORPG) 쓰론 앤 리버티(THRONE AND LIBERTY, TL)를 선보일 예정이다. TL은 엔씨의 첫 콘솔 게임 도전작이기도 하다. 이는 PC·모바일 중심 게임에서 벗어나 플랫폼 다변화로 글로벌 공략에 나서기 위한 조치로 해석된다. 전통적으로 콘솔 게임 수요가 높은 북미와 유럽 공략을 위해서 콘솔은 놓칠 수 없는 플랫폼이다.   넥슨은 올해 '카트라이더: 드리프트(PC·콘솔·모바일)' 등 멀티 플랫폼 신작 출시뿐 아니라 글로벌 전략 TF를 신설, 글로벌 시장 공략 프로젝트를 위한 데이터와 플랫폼 연구 작업을 준비하고 있다. 이에 대해 넥슨 관계자는 ""프로젝트 추진 배경은 넥슨의 국내 라이브 서비스가 보유한 강점과 역량을 통합·규격화하고, 이를 해외법인의 특성에 맞게 융합하고 적용시키는 데 있다""고 설명했다.   ■""국내 시장만으론 더 이상 안 돼""   이 같은 게임사의 변화는 새로운 해외 판로를 개척하고, 글로벌 영향력을 높이기 위한 조치로 풀이된다.   실제로 지난 2021년 기준 한국은 전 세계 게임 시장에서 7.6%의 점유율을 차지하고 있다. 미국(22.0%), 중국(20.4%), 일본(10.3%)에 이은 4위에 올랐다. 다만 점유율은 6.9%에서 7.6%로 0.7%p 상승하며 전년보다 3위와의 격차를 좁히고 있다. 이런 상황에서 아시아권에 치우친 국내 게임사들의 글로벌 경쟁력을 위해서는 북미와 유럽 시장 공략은 필수적이라는 분석이다.   게임 업계 관계자는 ""K-게임이 그동안 아시아 시장에서 강했던 반면, 북미·유럽시장에선 괄목할만한 성과 없었던 것은 사실""이라며 ""시장 확대를 위해서 콘솔 게임 출시 등 다양한 플랫폼으로 게임을 출시하려고 노력 중이고,글로벌 위주로 전략을 세우는 것으로 보인다""고 전했다.  
]"
[AMD 매출 9% 뒷걸음질…PC 수요 둔화에 칩 판매 줄어],https://n.news.naver.com/mnews/article/009/0005125077?sid=101,"[
2분기 매출 53억달러 제시분석가 전망치보다 낮아시간 외 거래에서 6.5% 하락



 리사 수 AMD CEO미국의 반도체 기업인 AMD(Advanced Micro Devices)는 PC 수요 감소에 매출이 뒷걸음질 쳤다고 발표했다. 분석가가 내다본 평균 전망치 보다는 높게 나왔지만, 2분기 예상 매출액을 낮게 잡으면서 주가는 시간 외 거래에서 하락했다.2일(현지시각) AMD는 실적발표를 통해 1분기 매출액이 53억5000만달러로 1년 전 58억9000만달러보다 9% 감소했다고 공시했다. 애초 투자분석가들은 AMD의 1분기 매출액을 53억달러로 예상했는데, 소폭 높게 나온 것이다. 또 순이익은 1억3900만달러 적자로 전년 같은 분기 7억8600만달러 흑자에서 적자 전환됐다. 주당 순이익은 9센트로 1년 전 56센트에 비해 크게 낮아졌다.AMD의 매출액이 타격을 입은 까닭은 주력 산업인 중앙처리장치(CPU)와 그래픽처리장치(GPU) 부분이 부진했기 때문이다. 특히 팬데믹 종료 이후 수요 둔화에 PC 출하량이 줄면서 매출이 악영향을 받았다. 이에 대해 리사 수 AMD 최고경영자(CEO)는 “올 1분기가 PC 프로세서를 포함한 클라이언트 프로세서 사업이 바닥을 쳤을 것으로 믿는다”고 설명했다. 시장조사업체인 인터내셔널 데이터 코포레이션에 따르면, 올해 1분기 PC 출하량은 전년 동기대비 29% 감소한 5690만대로 집계됐다.AMD는 주로 콘솔 게임과 PC에서 사용되는 CPU와 GPU를 개발하고 있다. 주력 제품은 라이젠(Ryzen) CPU와 라데온(Radeon) GPU다. CPU에서는 인텔, GPU에서는 엔비디아와 경쟁하고 있다.PC 부문인 클라이언트 사업부의 올 1분기 매출액은 7억3900만달러로 1년 전에 비해 65% 급감했다. 데이터 센터 부문 매출은 12억9300만 달러에서 12억9500만 달러로 소폭 늘었다. 효자는 네트워킹용 칩인 임베디드 부문이었다. 임베디드 분문 매출은 5억9500만 달러에서 15억6000만 달러로 급증했다. 자일링스(Xilinx)를 인수한 효과를 본 것이다. 하지만 게이밍 사업부 매출액은 18억800만달러에서 17억6000만달러로 감소했다. 전반적으로 예상치에 부합했지만, 투자자들은 실망했다.AMD는 올 2분기 매출액 전망치를 50억~56억달러로 잡았다. 중간값은 53억달러로 투자분석가의 예상치 54억8000만달러보다 낮았다. 이날 AMD 주가는 실적 발표 직후 시간 외 거래에서 6.47% 하락한 84.09달러를 기록했다.
]"
[],https://sports.news.naver.com/news.nhn?oid=442&aid=0000157626,[]
"[소니·MS, 경기 방어株로 뜬다…""콘솔게임 최적의 성장 기회""]",https://n.news.naver.com/mnews/article/015/0004785179?sid=104,"[
반도체 공급난 해소되면서콘솔기기 수요 크게 늘어""영화보다 저렴"" 실속 소비도소니, 게임SW 매출 21% 급증MS, 인기게임 '콜 오브 듀티' 닌텐도에 10년 장기 공급계약이 기사는 국내 최대 해외 투자정보 플랫폼 한경 글로벌마켓에 게재된 기사입니다.소니, 마이크로소프트(MS) 등 비디오 게임 업종이 월가의 ‘경기침체 방어주’로 떠오르고 있다. 반도체 공급난 완화와 콘솔 하드웨어 시장의 성장 국면 진입 등이 호재란 분석이다. 비디오 게임을 즐기는 데 드는 비용이 음악, 영화에 비해 싸다는 점도 경기침체 방어주로 꼽히는 이유다.



 ○“콘솔 시장, 성장 국면 진입”7일(현지시간) 투자전문매체 마켓워치는 “월가 투자자 상당수가 비디오 게임 산업에서 돈을 벌 기회를 찾고 있다”고 보도했다. 게임 시장 규모가 급속도로 커지고 있기 때문이다. 네덜란드 리서치업체인 뉴주에 따르면 세계 게임 시장 규모는 올해 1840억달러(약 243조원)에서 2025년 2110억달러(약 279조원)로 15% 성장할 전망이다.마켓워치는 비디오 게임 플랫폼에 해당하는 콘솔 하드웨어의 성장 주기가 “최적의 상황에 진입했다”고 진단했다. 지난해부터 계속된 반도체 공급난이 해소돼 소니, MS 등의 콘솔 공급량이 늘고 있다는 설명이다. 지난해 10월 플레이스테이션5를 출시한 소니의 하드웨어 매출은 지난 1분기 1067억엔(약 1조290억원)을 기록한 뒤 2분기 1319억엔(약 1조2720억원), 3분기 1792억엔(약 1조7281억원)으로 증가했다.비디오 게임 산업이 경기침체에 상대적으로 강할 것이란 분석도 나온다. 미국 투자금융사인 번스타인은 “이용자가 게임에 소비하는 비용은 시간당 20센트 수준으로 시간당 음악 콘서트 관람 가격(33달러), 영화관 관람 가격(5달러)보다 낮다”며 “비디오 게임은 경기침체의 악영향을 피할 수 있다”고 했다. ○소니, 게임 판매 호조…MS도 사업 확장마켓워치는 콘솔 시장의 성장 곡선에 올라탈 수 있는 기업으로 소니를 꼽았다. 소니는 게임·네트워크 부문 매출의 절반가량이 소프트웨어 사업에서 나온다. 플레이스테이션 플랫폼을 기반으로 다양한 게임을 팔아 더 많은 수익을 내는 구조다. 소니의 게임 소프트웨어 매출은 2분기 3053억엔(약 2조9429억원)에서 3분기 3700억엔(3조5665억원)으로 21% 늘었다.플레이스테이션 게임인 ‘갓 오브 워 라그나로크’는 지난달 8일 출시 후 첫 주 만에 510만 장이 팔렸다. 소니가 만든 플레이스테이션 게임 중 최고 기록이다. 소니 주가는 올 들어 37% 하락해 상승 여력이 크다는 분석이다.경쟁사인 MS는 사업 확장에 나섰다. 게임 플랫폼인 ‘엑스박스’를 갖고 있지만 게임 개발 노하우가 부족한 MS는 지난 1월 게임 개발사 액티비전 블리자드를 687억달러(약 90조6100억원)에 인수, 개발 역량을 확보했다. 이날 월스트리트저널에 따르면 MS는 닌텐도와 게임 공급 계약에도 합의했다. 액티비전 블리자드가 개발한 게임 ‘콜 오브 듀티’를 10년간 닌텐도 플랫폼에 공급하는 것이 주요 내용이다.업계에선 “MS가 콘솔 시장을 독점할 수 있다”는 우려가 나오고 있다. 유럽연합(EU)과 영국 규제당국은 이번 인수의 반독점 여부를 조사 중이다.MS는 업계 불만을 달래고자 소니에도 우호적인 손길을 건넸다. 브래드 스미스 MS 사장은 전날 “소니에 콜 오브 듀티의 10년 공급 계약을 제안했다”고 말했다.
]"
"[2023 게임산업 전문가 진단, “부정적 프레임 떨칠 기회”]",https://n.news.naver.com/mnews/article/138/0002142352?sid=105,"[




왼쪽부터 김경일 게임문화재단 이사장, 이재홍 한국게임정책학회장  -이재홍 한국게임정책학회장, 김경일 게임문화재단 이사장 인터뷰  -사행성·중독성 낙인…“게임 장점 가려지고, 음성화 될 우려”  -인식전환 위한 적극적인 문화예술 관련 정책 지원 필요  -게임사도 노력 필요, 문화예술적 가치 높일 게임 제작돼야   [디지털데일리 오병훈 기자] 게임에 대한 부정적인 인식은 게임산업 성장을 억제하고, 입법기관이 게임을 규제 대상으로 바라보는 근거가 된다. 이에 전문가들은 게임산업과 문화의 지속적인 발전을 위해 게임에 대한 사회 전반에 걸친 인식 전환이 가장 시급하다고 진단한다.   법적으로도 게임이 문화예술로 인정받는 시대다. 게임산업은 콘텐츠 분야 해외 수출 효자 산업으로도 꼽힌다. 그럼에도, 아직도 ‘사행성’이나 ‘게임 중독’ 등 키워드들이 꼬리표처럼 붙는다.    지난 2019년 세계보건기구(WHO)는 ‘게임 중독’을 질병으로 규정하고, 국제질병분류에 반영했다. 국내에서도 게임 중독을 질병으로 분류할지를 두고 4년 동안 결론을 내리지 못하는 상황이다. 지난달에는 사법부가 플레이투언(Play-to-Earn, 이하 P2E) 게임에 대한 게임물관리위원회의 등급분류취소 처분이 합당하다는 결론을 내렸다. 판결문에서는 P2E 게임에 대해 ‘사행성게임물의 신종 형태’라고 못박았다.  이에 전문가들은 게임산업 숙원으로 ‘인식 전환’을 꼽는다. 게임산업 발전을 위한 진흥책이나 문화가 마련되기 위해서는 기초적인 인식 전환이 반드시 선행돼야 한다는 설명이다.   이재홍 한국게임정책학회장은 “게임산업은 부정적 인식으로 인해 지원 및 육성되기보다 규제 대상으로 여겨져 왔다”며 “국가는 게임산업이 수출 효자로서 으뜸 한류 콘텐츠라는 사실을 외면하고, 폭력성, 사행성, 선정성 요소 등으로 규제의 벽을 쌓고 있다”고 설명했다.   물론, 조금씩 천천히 인식 개선 움직임도 이어지고 있다. 지난해 9월 ‘문화예술진흥법 일부개정법률안(이하 문화예술진흥법)’이 국회를 통과했다. 문화예술진흥법은 게임을 문화예술 범위에 추가하는 내용을 담고 있다. 아직까지 구체적인 진흥책이 마련된 것은 아니지만, 게임에 대한 인식 전환 출발선에 섰다는 평가가 나온다.   김경일 게임문화재단 이사장은 “어떤 것이든 규제하거나 낙인을 찍게 되면 더욱 음성화되기가 쉽고, 가지고 있는 장점을 드러내지 못한다”며 “게임이 문화예술로 인정받는 가운데, 더 좋은 콘텐츠가 나올 것”이라고 분석했다.   전문가들은 이번 문화예술진흥법이 실질적게임인 게임 산업 지원책으로 이어지기 위해서는 정부부처와 입법기관, 게임사 모두의 노력이 필요하다고 목소리를 높인다. 제도적으로 게임사 및 게임이용자 목소리를 듣는 자리를 마련하고, 규제보다는 지원책에 대해 더 많은 관심을 쏟아야 한다는 설명이다. 아울러 게임사는 단기적인 수익 창출에만 매몰되기보다 장기적으로 이용자와 공생할 수 있는 방안을 마련하기 위해 노력해야 한다고 조언한다.



이하 이재홍 한국게임정책학회장, 김경일 게임문화재단 이사장과 일문일답   Q. 게임업계 최대 위기를 한 단어로 표현하면 무엇이라 생각하나.   ▲(이재홍 학회장) 게임업계의 최대 위기 요소는 게임과 게임산업에 대한 ‘인식 부족’이다. 네덜란드 역사학자인 ‘요한 호이징아’는 인간을 놀이하는 동물(호모루덴스)이라고 했다. 게임은 디지털시대 인류에게 없어서는 안 될 ‘디지털 놀이’다. 따라서 게임산업은 보호하고 진흥돼야 하는 문화예술산업이다. 게임산업이 일자리 창출 산업이자 미래 성장 동력산업이며, 메타버스 시대를 열어 줄 ‘첨단 종합 문화예술 기술산업’이라는 긍정적 인식 전환이 필요하다.   그럼에도 불구하고, 지금까지 게임산업은 부정적인 인식으로 인해 지원 및 육성보다 규제 대상에 더 가까웠다. 게임사도 스스로 게임이 지닌 문화적 가치나 예술적 가치를 망각한 채, 경제적인 가치에 몰입돼 서사적 완성도보다 수익성 올리기에 급급해하는 등 인식이 부족한 모습을 보인 바 있다.   Q. 게임이 지금까지 법적으로 문화·예술로 인정받지 못했던 이유는 무엇이라고 생각하나?   ▲(김경일 이사장) 역사적으로 많은 문화예술 장르가 초창기에는 제대로 인정받지 못했다. 쇼팽 음악은 ‘쌀롱’ 음악으로, 오랜 기간 예술적 가치를 제대로 인정받지 못했으나, 이후 많은 사랑을 받았다. 지금까지는 게임이 쾌락만 좇는 ‘오락’이라는 생각이 일반적이었다. 그런데 뇌과학 측면에서 게임 하는 사람의 뇌를 촬영해 보면, 사람들은 쾌락을 위해 게임을 하는 것이 아니다. 쾌락을 위해 하는 것은 도박이다. 게임하는 뇌는 실제로 문화예술 활동 못지 않은 많은 전두엽 활동량을 보이고 있다. 게임을 (단순히) ‘즐겁고 신난 오락’이라고만 하는 식의 프레임은 지양돼야 한다.   Q. 올해부터 게임을 문화예술로 인정하는 ‘문화예술진흥법 개정안’이 시행된다. 어떤 긍정적 변화가 예상되나.   ▲(이재홍 학회장) 앞서 미국, 프랑스, 일본에서는 게임을 예술로 인정해 왔다. 게임이 대중 문화예술로서 자리매김했다는 사실은 향후, 게임에 대한 사회적 인식이 긍정적으로 개선될 것이고, 게임산업이 발전할 수 있는 계기가 될 것이다. 게임이 법적으로 문화예술로 인정된 만큼, 그동안 저평가 돼오던 게임의 이미지를 고급문화로 상승시킬 수 있는 정부의 게임문화예술 정책이 필요하다. 문화예술상품에 걸맞은 인프라 확충과 문화예술 이벤트 설계, 게임 제작 전문가들이 예술인으로서 지위가 확보될 수 있도록 순차적인 정책 추진이 필요하다.   ▲(김경일 이사장) 어떤 것이든 규제하거나 낙인을 찍으면 음성화되기가 쉽고, 장점을 드러내지 못하는 문제가 생긴다. 500년 전 활자가 처음 나왔을 때, 인류는 그 활자를 터부시하고 비웃었다. 늘 베껴 쓰는 방식으로 책을 만들어 왔기 때문에 제대로 된 대량 인쇄된 책을 오히려 책으로 인정하지 않는 시기도 있었다. (문화예술진흥법 개정으로) 게임도 과거와 달리 당당히 문화예술로 인정받는 가운데서 더 좋은 콘텐츠가 나오지 않을까 싶다.



Q. 지난해 중국이 판호 발급을 재개한 바 있다. 향후 게임업계가 글로벌 시장에서 견지해야 할 자세가 있다면?   ▲(이재홍 학회장) 중국이 판호 발급을 재개한 상황을 조심스럽게 긍정적으로 바라보고 있다. 현재로서는 중국당국이 공식적인 입장을 명확하게 밝히지 않아 큰 기대를 걸 수는 없다. 앞으로 상황을 예의주시하며, 천천히 중국 판호를 받기 위한 현지화 작업을 먼저 해 둘 필요는 있다. 아울러 중국 한한령을 경험한 만큼, 중국 의존도를 줄이면서 글로벌 전략 다변화를 모색하는 것도 중요하다.   Q. 최근 게임업계에서 국내 수요가 적은 콘솔 게임 신작이 속속 등장하고 있다. 이런 변화 원인은 무엇이라고 보나.   ▲(이재홍 학회장) 다양한 가능성을 생각해볼 수 있다. 먼저 확률형 아이템 방식 비즈니스모델(BM)과 이별하고, 게임패스나 정액제 등 안정된 과금 방식으로 회귀하기 위함이다. 혹은 중국시장 의존도를 낮추고 북미와 유럽 콘솔시장 이용자를 공략하기 위함으로 보인다.    Q. 게임산업 발전을 위해 업계가 노력해야 할 점은 무엇인가?   ▲(이재홍 학회장) 최근 게임사와 이용자 간 소통 부재가 원인이 돼 (마차시위나 트럭시위 등) 집단 소비자운동으로 발전한 바 있다. 소비자운동은 해당 게임 특성에 맞게 발전된 형태로 진화했으며, 소비자 시위 방법 또한 집단화·대형화·조직화되고 있다. 게임 이용자는 스스로 게임 서비스 주체가 될 수 있다는 자부심을 지니고 있다. 게임사는 이용자와 적극 소통해 이용자가 제시하는 개선안을 경청하고 이를 반영해 게임 서비스 운영을 발전시킬 필요가 있다.   ▲(김경일 이사장) 모든 산업은 다른 산업과의 공존 및 협업을 통해 발전한다. 게임 외 산업과 연계성을 반드시 고민해야 한다. ‘우리는 게임 회사니까’라는 생각이 다른 산업과 교류를 방해한다면, 가장 동떨어진 섬을 만드는 것이 될 수 있으니 피해야 한다.



Q. 지난해 게임물관리위원회 등급분류와 관련해 각종 논란이 불거진 바 있다. 어떻게 봤나.   ▲(이재홍 학회장) 현행 게임물관리위원회 등급분류제도는 사후심의다. 사후심의는 게임이 서비스된 후 문제를 발견하고 대응할 수 밖에 없는 본질적인 한계를 가지고 있다. 넥슨 서브컬처 게임 ‘블루아카이브’가 12세 이용가로 자체등급분류 됐다가 모니터링에서 등급재분류권고를 받은 후, 청소년이용불가 버전과 10대(teen) 버전으로 나눠 서비스를 진행하기도 했다. 이는 이용자 항의 사태로 발전했다. 시대적 변화와 문화적 변화에 따른 현실적이고 명확한 등급분류 기준 개정이 필요하다.   Q. 올해 게임업계 산업 전망을 어떻게 바라보나. 아울러 게임산업 및 문화가 올바른 방향으로 발전하기 위해 필요한 것은 무엇인가.   ▲(이재홍 학회장) 게임업계는 전 세계 경기 불황을 타개하기 위해, 회사 체질을 개선해야 한다. 선택과 집중전략으로 신규 지식재산권(IP)을 발굴과 더불어 멀티플랫폼 크로스 플레이 등 장르 다변화를 꾀하고, 글로벌 공략과 현지화 전략을 세워야 한다. 이를 위해 올해는 케이(K)-게임산업이 글로벌 장악력을 높여 나갈 수 있도록 정부의 통 큰 지원과 진흥정책이 구축되길 바란다. 정부와 산업계와 학계와 이용자 간 적극적인 공론장을 열 수 있는 정책도 필요하다.   ▲(김경일 이사장) 우리나라는 많은 분야에서 우리는 이제 선진국 반열에 올랐다. 심리학자 입장에서 선진국이라 함은 ‘내가 하는 걸 스스로 정의 내릴 수 있다’는 것이다. 예전엔 남이 내려놓은 정의를 따라 쫓아가면 됐다. 이제는 우리가 만드는 “한국 게임은 무엇인가” “우리 회사가 만드는 게임은 무엇인가” 등 스스로 정의를 내릴 수 있어야 한다.    나는 늘 게임업계 관계자에게 “당신에게 게임은 무엇인가”라고 물어본다. 많은 사람이 “게임은 게임이다”라고 답한다. 만족스럽지 않다. 다양한 정의들이 각사 개발자들로부터 나오고, 그게 철학이 된다. 국내에 게임 회사는 많지만 게임에 대한 철학이 있는 회사가 적다는 얘기를 들을 때마다 속상하다. 올해는 “내가 만드는 게임은 이것”이라고 스스로 정의를 내릴 수 있길 바란다.
]"
[],https://sports.news.naver.com/news.nhn?oid=356&aid=0000057965,[]
"[[이슈] 중국서 '외자판호' 길 막힌 게임株, 콘솔 모멘텀 'UP']",https://n.news.naver.com/mnews/article/031/0000712441?sid=101,"[
코로나19 시기 콘솔 보급 증가 추세…콘솔 플랫폼 성장 안정기게임주들의 중국 판호 모멘텀이 좀처럼 해결되지 않고 있다. 해외 게임(중국 기준)에 게임 서비스를 내주는 외자판호가 1년 5개월여째 발급이 나오지 않고 있어서다. 판호는 게임 서비스 허가권이며 외자판호는 외국 게임사, 내자판호는 국내 게임사를 대상으로 한다.곤란에 처한 국내 게임사들은 이를 우회하기 위해 자사 지식재산권(IP)을 중국 게임사에 제공하는 방법 등을 통해 로열티 수익 기반으로 시장에 진출하기도 했지만 국내 게임으로 홍보조차 하지 못하고 있다.일각에선 최근 대형사를 중심으로 한 콘솔 게임 출시 전략이 제대로 된 생존 전략이라고 평하고 있다. P의 거짓(네오위즈), 붉은사막(펄어비스), 칼리스토 프로토콜(크래프톤), TL(엔씨소프트) 등 콘솔·PC·모바일을 아우르는 대작의 성공 여부가 국내 게임사의 성장 모멘텀을 좌우할 것으로 전망한다.



 국내 게임업계도 콘솔향 대형 게임 공개가 잇따를 전망이다. 사진은 2022지스타에서 PC, 콘솔, 모바일 기기로 시연존을 마련한 넥슨 B2C관 부스다. [사진=박예진 기자]24일 게임업계에 따르면 중국 국가신문출판서(판호 발급 기관)는 지난 2021년 6월 28일을 끝으로 외자판호를 발급하지 않고 있다. 내자 판호도 2021년 8월 국정 정부의 미성년자 셧다운제 강화 등을 내세우면서 약 8개월 동안 중단하기도 했다. 다만 중국 내부 정책 기조가 게임을 ‘독’에서 ‘미래산업’으로 바꿔 가는 가운데 내자판호는 올해 들어 본격적으로 풀리고 있는 상황이다.특히 이달 들어 중국 게임사 넷이즈의  ‘NWJ: Return’에 관한 판호 발급이 승인 되는 등 넷이즈, 텐센트 등 현지 대형사 게임 내자 판호 발급까지 이뤄지고 있다. 중국 중소 게임사를 넘어 대형사까지 규제 완화가 진행된 셈이다. 반면 해외 게임사 차별(외자 판호 발급 중단)은 좀처럼 해결될 기미를 보이지 않고 있다.결국 게임업계와 금융투자업계에선 모바일 보다 북미와 유럽에서 큰 시장을 형성하고 있는 PC·콘솔 시장에 집중하는 사업 전략으로 성장 모멘텀을 가야한다는 목소리가 높아지고 있다.이효진 메리츠증권 연구원은 “공급이 수요를 이끄는 게임 산업의 특징을 고려했을 때, 모바일 게임 시장은 2023년 또한 부진한 흐름을 이어갈 것”이라며 “PC·콘솔 시장에 집중하는 사업자 위주의 투자가 유효할 것”이라고 말했다.이어 “2023년은 과거 엔터·드라마 산업이 그러했듯 국내 게임업체가 글로벌 플랫폼에 편입되며 시장 확대가 시작되는 중요한 시기가 될 것”이라며 “높아진 콘솔 보급률과 마이크로소프트의 행보(블리자드 인수 등)에 기인해 국내를 비롯해서 글로벌 PC·콘솔 시장이 새로운 성장 국면에 진입했다” 강조했다.메리츠증권에 따르면 코로나 기간 동안 플레이스테이션(소니)과 Xbox(MS) 합산 콘솔 기기 신규 보급량은 약 5천만대에 달했다. 특히 게임 시장이 앞으로 다음 스텝으로 VR(가상현실)과 AR(증강현실)로 넘어가고 있으며, 게임 하드웨어 스팩이 PC·콘솔 플랫폼 수준으로 높아지고 있는 형국이다.PC·콘솔 게임 관련 시장 규모도 북미·유럽·아시아(중국 제외) 등을 중심으로 무시 못할 수준이다.  ‘게임 스포트라이트 2022년 리뷰’에 따르면 2022년 전세계 게임 시장 규모는 2220억 달러(한화 약 300조원)로 예상되며 모바일 1360억 달러(184조원), PC 400억 달러(54조원), 콘솔 420억 달러(56조원) 수준이다.모바일과 PC 게임 시장 규모는 어느 정도 정체기를 겪을 것으로 보이지만 콘솔 게임 시장 규모는 앞으로 더 성장을 이어갈 것으로 기대한다. 한국콘텐츠진흥원에 따르면 전 세계 콘솔 게임 시장 규모는 2020년 558억2천600만달러(약 75조원)에서 2023년 687억2천300만달러(약 93조원)로 성장할 것으로 전망된다.임희석 미래에셋증권 연구원은 “2023년 국내 모바일 게임 시장 성장률은 10%에도 미치지 못하지만 콘솔은 20% 이상의 성장율을 보여줄 것”이라며 “2022 지스타에서 관찰된 확장성은 콘솔로의 기기 확장”이라고 설명했다.그러면서 “출시 일정의 확정(칼리스토 프로토콜), 게임쇼에서의 수상 성과(P의 거짓)에 따른 콘솔 게임 출시 전 발생할 수 있는 모멘텀은 대부분 지나간 상황”이라며 “다시금 주가 모멘텀을 일으키기 위해서는 오랜 기간 준비한 기대작들이 매출 성과까지 이어지고 있음을 증명할 필요가 있다”고 덧붙였다.임희석 연구원은 두 게임의 흥행 여부를 두고 두 회사의 주가 뿐만 아니라 타 게임사들의 밸류에이션과 사업 방향성에도 영향을 끼칠 것으로 예상한다. 그는 글로벌 성과를 보여주며 흥행에 성공한다면 모바일 게임으로의 성장성에 한계를 느낀 타 게임사들의 콘솔 전환을 가속화할 것으로 내다봤다.그는 “(두 회사가) 실패한다면 업계 전반의 콘솔로의 확장 스토리는 늦어질 것”이라며 “콘솔 기대작을 준비 중인 펄어비스, 엔씨소프트 등 후속 주자들의 신작 모멘텀을 약화시킬 것”이라고 지적했다.
]"
"[""안녕 내 추억""···옛 게임 문 닫는 이유]",https://n.news.naver.com/mnews/article/648/0000013251?sid=105,"[
카트라이더·천애명월도·엘리온 등 종료 성장둔화 돌파 위해 콘솔게임 등 주목



카트라이더를 비롯해 한 시대를 풍미했던 게임이 속속 문을 닫고 있다. 과거의 영광에 취해있기보다는 신작개발 등에 자원을 투입해 성장 정체를 돌파하려는 노력의 일환이다.  서비스 종료 게임 잇따라20일 게임업계에 따르면 넥슨의 레이싱 PC게임 '카트라이더'가 3월31일 서비스를 종료한다.조재윤 니트로스튜디오 디렉터는 지난 5일 열렸던 카트라이더 이용자 온라인 간담회에서 ""PC 카트라이더의 노후화, 신규 이용자와 기존 이용자 사이의 격차 문제 등이 지적됐다""며 서비스 종료 배경을 설명했다.카트라이더 종료 소식에 앞서 다른 게임도 서비스 종료를 발표했다. 넥슨의 다중접속역할수행게임(MMORPG)인 '천애명월도'는 지난 19일 문을 닫았다. 천애명월도는 무협을 소재로 삼았음에도 공개 테스트(OBT) PC방 인기 게임 8위에 오르며 이용자의 기대감을 모으기도 했다. 크래프톤이 2020년 출시했던 PC 다중접속역할수행게임(MMORPG) '엘리온'도 3월2일 서비스를 종료한다. 엘리온은 개발 기간만 6년이 걸린 크래프톤의 기대작 중 하나였다.찬바람 부는 게임업계이용자의 관심을 모았던 옛 게임이 문을 닫는 배경에는 게임업계의 성장률 둔화가 있다.한국콘텐츠진흥원이 발표한 '2022 대한민국 게임백서'에 따르면, 2021년 국내 게임산업 총매출은 전년 대비 11.2% 증가한 20조9913억원을 기록했다. 하지만 코로나19 팬데믹이 시작된 2020년의 국내 게임시장 성장률인 21.3%의 절반에 못 미친다. 올해와 내년의 성장률은 각각 8.5%와 5.9%로 전망됐다.업계 관계자는 ""국내 게임사가 예전만큼의 성장을 못 하는 만큼 '선택과 집중'을 할 수 밖에 없다""며 ""옛날 게임과 더불어 다른 사업을 정리하는 이유""라고 했다.실제로 일부 게임사는 덩치를 줄이는 모습을 보이고 있다. 엔씨소프트는 다음달 17일 '유니버스' 서비스를 종료한다. 유니버스는 2021년 엔씨소프트가 시작한 팬덤 플랫폼이다. 넷마블은 마케팅비와 인건비를 비롯한 고정비용을 효율화하겠다고 지난해 3분기 컨퍼런스콜을 통해 밝히기도 했다.콘솔 게임·해외진출 '돌파구'얼어붙은 게임 시장에 변화를 주기 위해 국내 게임 업계는 콘솔 게임(플레이스테이션 등과 같은 전용 게임기를 TV, 모니터에 연결해 즐기는 게임)의 문을 두드릴 전망이다.엔씨소프트는 블록버스터(AAA)급 PC·콘솔 게임인 '쓰론 앤 리버티(TL)'를 올해 상반기 중 출시할 예정이다. 엔씨소프트 관계자는 ""공식적으로 아직까지 TL의 해외 퍼블리셔(배급사)가 정해진 부분은 없다""며 ""오는 2월 중순으로 예정된 실적 발표에서 TL에 관한 더 자세한 이야기가 나올 것""이라고 했다.펄어비스는 흥행작 '검은사막'을 잇는 콘솔 게임인 '붉은사막'을 개발하고 있다. 허진영 펄어비스 대표는 지난해 3분기 실적 발표 컨퍼런스콜에서 ""현재 붉은사막은 최고의 완성도를 선보이기 위해 개발되고 있다""며 ""내년(2023년) 하반기 중 붉은사막 개발이 완료될 것으로 보인다""고 했다.국내 게임업계가 콘솔게임에 진심인 이유는 캐시카우(수익 창출원)인 모바일 게임 시장이 위축되고 있는 것과 관련이 있다. 데이터 분석 업체 '뉴주'는 지난해 세계 모바일게임 시장의 연 매출이 지난해 985억달러(약 121조7165억원)에서 올해 922억 달러(약 113조9315억원)로 6.4% 감소할 것으로 예상했다.모바일 게임 시장이 쪼그라들자, 두번째로 큰 시장인 콘솔 게임이 대안으로 떠올랐다. 글로벌 컨설팅그룹 PwC에 따르면 2021년 전세계 콘솔 게임 시장 규모는 601억달러(약 74조3677억원)다. 이 중 북미와 유럽의 콘솔 게임 시장 규모는 각각 234억달러(약 28조9458억원), 268억달러(약 33조1516억원)로 세계 콘솔 시장의 83.5%를 차지했다. 콘솔 시장 공략이 곧 북미와 유럽 시장 공략으로 이어지는 이유다.다만 해외 시장 공략에 나서기 전에 게임의 근본적인 콘텐츠 차별화가 이뤄져야  한다는 지적도 나왔다. 이지훈 한국엔터테인먼트산업협회 부회장은 ""게임 개발에 앞서 시장 조사를 통한 수요 조사가 밑바탕 되어야 한다""며 ""다중접속역할수행게임(MMORPG)과 같이 수년간 반복적으로 나왔던 장르와 콘텐츠는 국내·외 이용자로부터 외면받을 수 있다""고 했다.
]"
['갓겜 신작' 없고 '현질 강제'도…모바일게임 첫 역성장],https://n.news.naver.com/mnews/article/011/0004146141?sid=105,"[
[모바일게임 사상 첫 역성장]팬데믹에 게이머 확 늘었지만공연 등 시작되자 이용자 떠나ATT정책에 맞춤 광고 집행도↓게임 장르도 'MMORPG' 일색넥슨 등 충성도 높은 콘솔 집중



사진제공=이미지투데이[서울경제] 국내 모바일게임 산업이 주춤대고 있다. 그동안 글로벌 게임 시장에서 모바일 분야의 강국으로 매년 고성장을 거듭하던 K모바일게임이 엔데믹 시대에 직격탄을 맞으면서 지난해 처음으로 역성장했다. 코로나 국면에서 스포츠·공연 등 각종 대면 활동이 막히자 사람들은 대안으로 게임을 택하며 이 기간 게임 매출도 덩달아 급증했다. “게임 중독은 질병”이라던 세계보건기구(WHO)도 코로나19 극복을 위한 방법으로 게임을 권장하기까지 했다. 하지만 지난해부터 각국이 엔데믹 전환을 선언하며 상황이 급변했다. 모바일 디바이스가 매개하던 각종 사회 활동들이 다시 대면 활동으로 대체되기 시작했다. 고성장을 거듭하던 국내 게임사들은 이제 다시 게임 수요를 늘리고 사업 재편을 통한 재도약의 시험대에 올랐다는 분석이 나온다.



17일 모바일 시장조사 업체 센서타워에 따르면 지난해 국내 모바일게임 시장은 1년 새 6억 달러가량 감소하면서 사상 첫 역성장을 기록했다. 현재 글로벌 모바일게임 시장은 전체 게임 시장(2197억 달러) 가운데 45% 정도를 차지하고 있다.우선 엔데믹 후폭풍과 함께 애플리케이션 마켓 사업자들이 개인정보 정책을 강화한 것이 모바일게임사들에 악재로 작용했다. 애플이 앱 개발사들이 개인정보를 추적·이용하기 위해서는 먼저 이용자 동의를 받도록 하는 내용의 앱 추적 투명성(ATT) 정책을 도입한 후 iOS 게임의 전체 인앱 구매 수익은 35% 감소했다. 정보 제공에 동의한 이용자가 전체의 30% 수준에 그친 탓에 게임사들이 정밀한 맞춤형 광고를 집행하기가 어려워졌기 때문이다. 구글 또한 2024년까지 비슷한 정책을 내놓을 예정이어서 모바일게임 산업에는 악재로 꼽힌다.다중접속역할수행게임(MMORPG) 외에 매출을 끌어올린 만한 신작이 부재했던 것도 매출 하락의 한 이유다. 지난해에도 매출 상위 5개는 리니지 시리즈(M·2M·W), 히트2, 오딘 등 비슷한 MMORPG가 석권했다. 한 게임사 관계자는 “MMORPG 게임 매출은 압도적이지만 이용자들은 제한적이기 때문에 결국 외연을 확장하는 다양한 장르의 게임이 출현해야 전체 매출도 증가한다”며 “우마무스메 등 일부 게임이 선전하기는 했지만 결국 지난해도 MMORPG 천하였다”고 진단했다.2021년 이른바 ‘확률형 아이템 사태’ 이후 대형 게임들이 과금을 할수록 유리해지는 일명 ‘P2W(Pay to Win)’ 사업 모델을 개편해 온 것도 매출 구조에 영향을 끼친 것으로 보인다. 당시 가장 큰 논란에 휩싸였던 넥슨은 이용자들의 반응을 의식해 최신작 ‘던전앤파이터 모바일’ ‘카트라이더: 드리프트’에 확률형 아이템을 최소한으로 도입하거나 아예 배제하는 강수를 뒀다. 위정현 중앙대 경영학부 교수(한국게임학회장)는 “확률형 아이템 구조를 약화하면 게임 자체의 경쟁력을 높일 수 있는 좋은 결정이 될 수 있지만 당장 단기적인 수익성은 떨어질 수 있다”고 설명했다.모바일 외에도 PC·콘솔 등 타 플랫폼으로 결제가 분산되는 것도 요인으로 꼽힌다. PC에서 자체 결제 플랫폼을 제공하는 넥슨의 ‘던전앤파이터 모바일’이 대표적인 사례다. 사측은 정확한 수치를 공개하지 않지만 업계에서는 매출 30%가량이 PC에서 발생하는 것으로 추정하고 있다.



사진제공=엔씨소프트엔데믹 위기에 맞닥뜨린 게임사들은 달라진 환경에 맞춰 사업 조직 재편에 나서고 있다. 엔씨소프트(036570)(NC)는 최근 자사 팬덤 플랫폼 ‘유니버스’ 사업을 SM엔터테인먼트 계열사 디어유에 양도했다. 팬데믹 시기에 사업 다각화를 모색하기 위해 진출한 비게임 사업이지만 호황기가 꺾이자 2년 만에 사업을 정리했다. 이 회사는 이에 앞서 지난해 12월에는 야구팬들을 대상으로 한 팬 플랫폼 서비스 ‘페이지’도 종료하고 인력과 리소스를 핵심 사업에 집중시켰다.이외에도 다수 게임사들이 모바일보다 이용자 충성도가 높아 엔데믹 영향을 비교적 덜 받는 콘솔게임 신작을 준비하고 있다. 넥슨은 ‘카트라이더: 드리프트’ ‘퍼스트 디센던트’ ‘데이브 더 다이버’ 등 다수의 콘솔 신작을 선보일 예정이며 네오위즈 ‘P의 거짓’, 시프트업 ‘스텔라 블레이드’ 등도 올해 출시가 예정돼 있다.한 정보기술(IT) 업계 관계자는 “비대면 산업의 확장 속에 성장한 산업들은 글로벌 경기 침체로 사업 운영이 더 어려워질 것으로 보이는 올해에 지난해보다 더한 구조조정과 사업 개편이 일어날 가능성이 높다”고 전망했다.
]"
[게임속 대결 `생중계`… 넥슨의 e스포츠 공략],https://n.news.naver.com/mnews/article/029/0002779724?sid=105,"[
개발자들 라방서 미출시작 소개베타 테스트 후 시장진출 닦아멀티플랫폼·장르 다양화 계획도



넥슨이 19일 진행한 PC 슈팅 게임 '베일드 엑스퍼트'의 개발자 라이브 방송에서 e스포츠에 특화된 실시간 인게임 중계 기능을 이용해 새로운 콘텐츠를 선보였다. 공식 유튜브 캡처    넥슨이 글로벌 게임사로 거듭나기 위한 행보를 가속화하고 있다. 올해 다양한 신작을 쏟아내는 데 이어 글로벌 e스포츠 시장 공략에도 박차를 가한다.넥슨은 19일 자회사 넥슨게임즈에서 개발 중인 PC 슈팅 게임 '베일드 엑스퍼트'의 개발자 라이브 방송을 진행했다. '베일드 엑스퍼트'는 시시각각 변하는 전투 환경에서 싸우는 PC 슈팅 게임으로, 오는 3월 파이널 베타 테스트를 앞두고 있다.개발자들은 이날 라이브 방송에서 개발 현황을 공유하고 파이널 베타 테스트 빌드를 시범 플레이했다. 특히 새로 선보일 3:3 폭파미션, 경쟁전, 팀데스매치를 플레이했는데 이를 e스포츠 특화 실시간 인게임 중계 기능으로 생생히 전달했다. '베일드 엑스퍼트'의 e스포츠 시장 진출 토대를 닦고 있는 것으로 풀이된다. 실제 넥슨은 지난해 개최한 개발자 라이브 방송에서 '베일드 엑스퍼트'의 e스포츠 중계·관전 시스템 구축하고 e스포츠 대회를 개최하려는 의지를 시사한 바 있다.넥슨은 국내 게임사 중에서도 글로벌 e스포츠 시장 공략에 적극적인 움직임을 보이고 있다. 지난 12일 출시한 '카트라이더: 드리프트'도 장기적 관점에서 국가 대항전 형태로 발전시켜 글로벌 e스포츠로 영역을 확대하겠다는 구상이다. '카트라이더: 드리프트'는 중국, 베트남, 러시아를 제외한 글로벌 시장에서 출시됐다. e스포츠가 유저 저변을 확대하고 게임의 수명을 늘리는 데 긍정적 역할을 하는 만큼 시장을 더 공격적으로 공략하고 글로벌 게임사로 발돋움하려는 것으로 보인다. 게임시장 조사업체 뉴주에 따르면 글로벌 e스포츠 산업 규모는 2021년 11억3700만 달러(약 1조5140억원)로 집계됐으며 2025년에는 22억8500만 달러로 연평균 19.1% 성장할 것으로 전망된다.이와 함께 넥슨은 글로벌 게임 시장 공략을 목표로 PC, 모바일, 콘솔을 아우르는 멀티 플랫폼 장르의 신작을 지속해서 선보일 계획이다. '카트라이더: 드리프트'는 현재 PC와 모바일에서 서비스하고 있지만 향후 정식 출시 단계에서 콘솔까지 플랫폼을 확장한다. 지난해 10월부터 PC에서 얼리 액세스(앞서 해보기) 중인 하이브리드 해양 어드벤처 '데이브 더 다이버' 또한 향후 닌텐도 스위치 버전을 추가로 내놓는다.게임 장르도 다변화한다. 지난해 글로벌 베타 테스트를 실시한 백병전 PvP(이용자 간 대결) 게임 '워헤이븐'와 루트슈터 신작 '퍼스트 디센던트', FPS(1인칭 슈팅) '더 파이널스' 역시 PC와 콘솔 플랫폼 출시를 목표로 개발하고 있다. 이밖에 오는 26일에는 신규 액션 MORPG(다중접속역할수행게임) '나이트 워커'를 출시하고 모바일 MMORPG(대규모다중접속역할수행게임) '마비노기 모바일'도 올해 출시를 목표로 개발에 공을 들인다.넥슨 관계자는 ""글로벌 게임 시장 공략을 위해 멀티 플랫폼 개발과 장르의 다변화를 꾀하고 있다""며 ""레이싱, 슈팅, 백병전 PvP, 어드벤처같이 특정 장르가 아닌 다양한 장르로 신작 스펙트럼을 확장해 글로벌 이용자들의 수요를 맞출 것""이라고 말했다.



넥슨이 준비 중인 신작 목록. 넥슨 제공    



넥슨 로고. 넥슨 제공    



넥슨이 19일 진행한 PC 슈팅 게임 '베일드 엑스퍼트'의 개발자 라이브 방송에서 e스포츠에 특화된 실시간 인게임 중계 기능을 이용해 새로운 콘텐츠를 선보였다. 공식 유튜브 캡처    
]"
"[삼성·LG, 235조 게임시장 OLED로 정조준]",https://n.news.naver.com/mnews/article/243/0000038713?sid=101,"[
높은 명암비에 빠른 반응속도까지…게임에 최적화성숙 단계 TV 시장…게이밍 공략 통해 매출 다각화



삼성 오디세이 OLED G9. [사진 삼성전자][이코노미스트 이건엄 기자] #삼성전자와 #LG전자가 유기발광다이오드(OLED)를 앞세워 글로벌 게임 시장 공략에 박차를 가한다. 성숙 단계에 접어든 TV 시장을 넘어 게이밍 모니터까지 영역을 확장하며 매출 다각화에 나서는 모습이다.25일 업계에 따르면 삼성전자와 LG전자는 올해 OLED 게이밍 모니터 시장에서 치열한 경쟁을 펼칠 예정이다. OLED는 모니터 시장의 주류인 액정표시장치(LCD) 패널 기반의 제품 대비 높은 명암비와 빠른 반응속도로 게임에 특화됐다는 평가를 받고 있다. 업체별로 보면 LG전자는 OLED 맹주로서 게이밍 모니터 시장에서 영역 확장에 속도를 높이고 있다. 콘솔 게임기에 최적화된 48인치 OLED TV를 처음 공개한 이후 지난해에는 27인치 제품을 선보이며 다양한 게임 수요를 충족시키는 데 집중하고 있다. 실제 LG전자는 올해 초 미국 라스베이거스에서 열린 세계 최대 IT·가전 전시회 CES 2023에서 27인치, 45인치 OLED 패널을 탑재한 게이밍 모니터를 공개했다. 해당 제품들은 OLED 모니터 중 세계 최초로 초당 240장의 화면을 보여주는 240Hz 고주사율을 지원한다. 0.03ms GtG(Gray to Gray)의 빠른 응답속도를 갖춰 화면이 빠르게 전환하는 게임 영상을 부드럽게 표현한다.삼성전자도 CES 2023에서 49형 크기의 OLED 패널이 적용된 '오디세이 OLED G9'을 공개했다. 오디세이 OLED G9은 1800R 곡률의 커브드 디자인에 32:9 와이드 스크린 화면, 듀얼 QHD(5120 x 1440) 해상도를 지원하는 게이밍 모니터다. 픽셀 단위로 밝기 조절이 가능한 OLED 패널을 탑재하고, 최대 240Hz의 고주사율과 실시간에 가까운 0.1ms(GTG)의 반응 속도를 지원하는 것이 특징이다. 최근 삼성전자가 초연결 경쟁력을 강화하기 위해 도입한 ‘삼성 스마트허브’와 ‘스트리밍 게임플랫폼 연동 서비스인 ’삼성 게이밍 허브‘도 탑재됐다. 이를 통해 프라임 비디오·넷플릭스·유튜브는 물론 엑스박스 게임 패스(Xbox Game Pass)·지포스 나우(GeForce Now) 등의 게이밍 서비스를 이용할 수 있다. 여기에 삼성디스플레이가 본격적으로 양산에 들어간 퀀텀닷(QD)-OLED 기반의 게이밍 모니터에 대한 기대감도 높아지고 있다. 이미 미국 델테크놀로지스가 지난해 3월 삼성디스플레이의 QD-OLED를 처음 탑재한 34인치 게이밍 모니터 ‘에일리언웨어 34 커브드 QD-OLED 게이밍 모니터’를 출시한 만큼 삼성전자의 출시 가능성도 높게 점쳐지고 있다.



LG 울트라기어 OLED 게이밍 모니터. [사진 LG전자]OLED 모니터 경쟁 더욱 치열업계에서는 OLED가 현존 디스플레이 패널 중 게임에 가장 최적화된 패널이라는 평가를 받는 만큼 삼성전자와 LG전자의 경쟁 역시 더욱 치열해질 것으로 보고 있다. 기존에는 LG전자의 독주 무대였다면 올해부터는 QD-OLED까지 갖춘 삼성전자의 참전으로 시장 규모 확대가 예상된다는 분석이다. 특히 게임 및 게이밍 모니터 시장 규모가 높은 성장세를 보이고 있다는 점을 고려하면 매출 다각화 측면에서도 긍정적 요인이 될 것으로 전망된다.실제 시장조사업체 뉴주(Newzoo)에 따르면 지난해 전세계 게임 시장 규모는 1844억 달러(한화 약 235조5710억원)로 추정된다. 오는 2024년에는 260조원으로 성장할 것으로 예상된다. 이와 함께 게이밍 모니터도 지난해 처음 출하량이 2000만대(IDC 조사결과)를 돌파한 이후 오는 2025년까지 2350만대 규모로 확대될 전망이다. 업계 관계자는 “OLED는 압도적인 명암비와 빠른 반응 속도 등 게임 이용자들의 구미를 당길만한 모든 요소를 갖춘 패널”이라며 “특히 게이밍 시장의 경우 일반적인 TV와 달리 높은 성장세를 유지하고 있어 삼성전자와 LG전자 입장에서 공을 들일 수밖에 없는 분야”라고 말했다.
		]"
"[[신년기획⑬] 게임사 생존, ‘게이머’에 달렸다]",https://n.news.naver.com/mnews/article/138/0002140695?sid=105,"[
‘생존’이 화두다. 2023년이 밝았지만 IT산업계를 둘러싼 거시경제지표의 불확실성은 여전하다. ‘경기쇠퇴’(Recession) 공포를 극복하기 위한 IT기업의 경쟁력 확보는 물론 정부의 과감한 제도적 혁신도 요구되고 있다. 4차 산업혁명과 ‘디지털전환’이라는 시대적 담론과 함께 디지털데일리는 2023년 신년기획으로 ‘IT산업, 생존의 경제학’을 주제로 IT산업계의 생존 해법을 다양한 각도에서 분석해본다. &lt;편집자&gt;



[디지털데일리 왕진화 기자] “경쟁력 확보를 위한 체질 개선, 효율적인 경영을 위한 선택과 집중을 통해 위기를 극복하고 다시금 경쟁력을 회복할 수 있도록 모두 노력해달라.”   방준혁 넷마블·코웨이 의장이 지난 2일 임직원 앞에 꺼낸 ‘위기 극복’이란 키워드는 비단 넷마블만의 이야기는 아니다. 지난해 유독 얼어붙었던 게임시장을 견딘 국내 게임사 전반에 해당된다. 올해 게임사 신년 키워드 중 하나로 꼽힌다.    이러한 가운데 게이머는 게임 흥행 유무뿐 아니라 기업 생존까지 결정하는 주체로 부상했다. 이용자는 국경을 따지지 않는다. 게임사는 생존을 위해, 국내외 이용자 모두 사로잡아야 한다는 과제를 안게 됐다.   ◆게이머가 ‘매출 순위’ 좌우한다=최근 게이머들은 게임 서비스 주체로 적극적인 목소리를 내고 있다. 이용자 반응에 따라 게임 매출 순위가 바뀌기 때문에 게임사는 소통에 주력할 수밖에 없다. 대표적인 예로 카카오게임즈 ‘우마무스메 프리티 더비(이하 우마무스메)’가 있다.    우마무스메는 일본 유명 모바일게임으로, 지난 6월 한국 서버 출시 이후 주요 캐릭터 및 콘텐츠 업데이트 등을 통해 7월 구글플레이에서 매출 1위를 기록한 바 있다. 그러나 한국 서버 이용자를 대상으로 재화 지급 등 차별 논란을 비롯해 운영 미숙 이슈가 벌어지면서 매출 순위는 급락하기 시작했다.    카카오게임즈는 태스크포스(TF)를 꾸리며 이용자와의 소통에 주력하는 등 게임 운영 정상화에 힘썼고, 결국 멈춰선 겜심을 돌렸다. 이용자도 이러한 운영 개선에 화답했다. 차츰 회복세를 보이던 우마무스메는 주력 콘텐츠 업데이트를 기반으로 지난 22일 구글플레이 기준 3위로 급등했다.   



◆확률형 아이템 불만, 새로운 과금모델 고민=게이머는 게임사의 확률형 아이템 정책이나 게임사 규제기관인 게임물관리위원회(게임위)에 대해서도 영향력을 행사하고 있다. 일부 이용자는 지난해부터 과도한 과금을 요구하는 확률형 아이템 및 게임사에 대한 트럭시위로 불만을 표출했다. 또, 이용자는 게임위가 명확한 기준 없이 등급분류를 한 점과 전문성 부재 등을 이유로 들고 일어났다. 이용자의 이러한 움직임은 정치권에서도 큰 관심을 갖게 됐다.   확률형 아이템 경우 게임사의 주요 수익모델이다. 2020년대로 넘어오면서 국내 이용자로부터 외면당하고 있는게 현실이다. 게임사는 자율규제로 확률 정보를 공개해오고 있는데, 게임 이용자 사이에서 여전히 지나치게 낮은 확률 및 공개 정보에 대한 검증 부재에 불신이 지속돼서다. 국회, 정부는 이용자가 밝힌 “허위 정보 표시가 있는 경우를 배제하기 어렵다”는 이유에 공감하고 확률형 아이템 정보 공개 법제화를 추진 중이다.   현재 게임사의 자율규제 미준수로 인한 문제 발생 시 게임 사업자를 처벌할 수 있는 조항도 별다른 게 없는 상황이다. 그간 확률형 아이템은 지나치게 낮은 아이템 획득 확률과 조작 가능성이 제기되면서 사행성을 조장한다는 비판을 받아왔다.    때문에 게임사들은 상대적으로 이용자 유인 효과를 얻을 수 있는 시즌패스를 지향하고 과도한 사행성을 유발하는 확률형 아이템 채용을 지양할 것으로 보인다. 실제로 넥슨은 지난 5일 카트라이더 이용자 간담회를 통해, 공식 후속작 ‘카트라이더:드리프트’에 확률형 아이템 및 캡슐형 아이템, 페이투윈(Pay-to-Win, P2W)을 없애겠다고 발표했다.    오직 이용자의 실력으로만 게임을 부담 없이 즐길 수 있는 방안을 내세우고 확률형 아이템을 꺼려하는 해외 이용자 유입을 위해 적극 나선 것으로 풀이된다. 엔씨소프트 올해 기대작 쓰론앤리버티(THRONE AND LIBERTY, 이하 TL)도 기존 리니지 시리즈 등과 다르게 글로벌 시장 트렌드와 이용자 특성을 고려한 수익모델 도입을 고민 중이다.    ◆게임사 실적 악화, 신작 흥행 어느 때보다 절실=올해 게임사는 지난해보다 경쟁 환경이 더욱 치열해졌다. 고금리·고물가·고환율 등 3고 현상과 글로벌 저성장 등 대내외적인 악재에 놓이기도 했지만, 게임성 부분에서 아쉬운 평을 받으며 이렇다 할 흥행을 거두지 못한 신작도 다수 있었기 때문이다.    국내 모바일게임 시장 위축도 한몫했다. 문화체육관광부와 한국콘텐츠진흥원이 지난 2일 발간한 ‘2022 대한민국 게임백서’는 시장조사업체 센서타워의 국내 모바일 시장 조사 결과를 인용해, 국내 모바일 게임 매출이 전년 대비 6.5% 증가한 572억달러(한화 약 72조6268억원)를 기록했으나 정작 다운로드 수는 15% 감소했다고 밝혔다. 또, 모바일 빅데이터 분석 플랫폼 모바일인덱스에 따르면 2021년 국내 모바일게임 월 이용자 수(MAU)는 전년 대비 9% 줄었다.    실제로 지난해 3분기 기준 17개 게임사 중 9개 게임사 수익성은 악화됐다. 인건비, 지급수수료 등 영업비용은 늘어났지만 주요 신작 및 기존 타이틀 성적은 증권가나 대중들의 기대보다 이하를 기록했다.   



◆이용자의 선택, 결국은 ‘재미’…국내외 이용자 사로잡기 위한 묘수는=게임사는 온오프라인을 통해 업데이트 콘텐츠를 발표하거나 간담회를 개최하고, 개발 과정까지 공개하며 이용자와의 스킨십을 늘리는 데 주력한다. 특히 국내 게임사는 생존을 위해 장르 및 플랫폼 다변화를 통한 콘솔 시장 섭렵에 다시 도전한다. 그간 한국 이용자는 PC와 모바일을 주로 활용해 게임을 즐기는 게 대중화돼 있었기 때문에 콘솔보단 PC와 모바일게임 개발에 주력해 왔다. 게임백서에 따르면 2021년 기준 국내 게임시장은 모바일게임 비중은 57.9%다. PC게임 비중은 26.8%지만, 콘솔게임은 5.0%에 불과하다.    글로벌로 놓고 보면 상황은 다르다. 지난해 5월 시장조사업체 뉴주(Newzoo)가 발표한 콘솔 게임의 지난해 글로벌 시장 성장률 전망은 8.4%로, 모바일 게임(5.7%)과 PC 게임(3.2%)보다 훨씬 높다. 중국 모바일게임마저 퀄리티가 높아진 만큼 국내외 이용자에게 K-게임이 선택받기 위해서라도 게임사들은 뱃머리를 틀고, 전통적으로 콘솔 게임 수요가 높은 북미와 유럽 공략에 나선다.    엔씨소프트는 TL을 첫 콘솔 게임 도전작으로 내세운다. 넥슨은 올해 ‘카트라이더: 드리프트’를 PC·콘솔·모바일 멀티 플랫폼 신작으로 출시한다. 넥슨 최초로 풀 크로스플레이 환경을 제공하는 게임이다. 넷마블 또한 얼리엑세스 서비스 중인 PC 3차원 슈팅(TPS) 진지점령(MOBA) 게임 ‘파라곤:디오버프라임’을 콘솔 플랫폼으로도 즐길 수 있도록 개발한다.   한 게임사 관계자는 “콘솔은 한국에서 상대적으로 주목받지 못했던 플랫폼이었지만 언제나 북미·유럽 이용자 등을 포함한 글로벌 이용자들이 애용해왔다”며 “국내 게임사의 개발력이 콘솔 시장으로 쏠리면 더욱 다양한 기회를 만들 수 있을 것으로 보인다”고 말했다.
		]"
[],https://sports.news.naver.com/news.nhn?oid=442&aid=0000157632,[]
[[아!이뉴스] 첫 P2E 게임 소송 '기각'…망사용료 입법 논의하는 유럽],https://n.news.naver.com/mnews/article/031/0000722650?sid=105,"[
 하루가 다르게 변화하는 IT세상 속에서 쏟아지는 정보를 일일이 다 보기 어려우신 독자분들을 위해, 독자 맞춤형 IT뉴스 요약 코너를 마련했습니다. 본지에서 오늘 다룬 IT기사를 한눈에 읽을 수 있도록 구성했습니다. [편집자주]



프랑스 동부 스트라스부르 유럽의회 건물 앞에 유럽연합(EU) 회원국 국기들이 휘날리고 있다. [사진=뉴시스]◆한국 움츠릴 때 유럽은 움직였다…망사용료 입법 논의 '본격화'ISP(인터넷서비스제공사업자)와 글로벌 CP(콘텐츠제공사업자)간 망사용료 분쟁을 해결하겠다던 국회의 움직임이 주춤한 가운데 유럽연합(EU)의 초침이 망사용료 입법화를 향해 돌아가고 있어 주목된다.13일 관련업계에 따르면 EU 집행위원회(EC)는 구글 등 빅테크 기업과 EU 내 이동통신사에 투자계획, 인프라 구축 계획 등을 제공해달라고 요청했다. 망사용료를 부과하기 위한 입법 절차를 앞두고 양측 의견을 수렴하기 위한 조치다. EC는 회원국과 논의를 거쳐 입법화에 착수할 전망이다.EC가 망사용료 입법화 움직임을 보인 건 이번이 처음은 아니다. EC는 지난해 빅테크 기업에 대한 망사용료 부과를 검토 중이라고 밝힌 바 있다. 프랑스 등 일부 유럽 국가들은 CP에 망사용료를 의무적으로 부과할 수 있는 법안을 서둘러 제정해달라고 EC에 촉구하기도 했다.망사용료 이슈에 있어 한국과 EU의 사정은 크게 다르지 않다. 대다수 대형 CP는 미국에 둥지를 틀고 있다. 구글 유튜브·넷플릭스 등이 대표적이다. 유럽 내 통신사들은 급증하는 트래픽으로 인한 비용적 부담을 안고 있다. EU 또한 미국 빅테크 기업의 망이용대가 문제를 해결하고자 하는 니즈가 있다는 의미다.국회 차원 논의가 사실상 중단된 한국과는 상반되는 행보다. 국내의 경우 전기통신사업법 개정안(일명 망무임승차방지법) 향방이 묘연하다. 지난해 상반기 한 차례 심사가 진행된 이후 하반기 들어 공청회까지 열렸지만 결과적으로 안건에 상정되지 못한 채 법안2소위에 계류돼 있는 상태다.망무임승차방지법 진전이 없는 이유를 두고 국회 관계자는 이재명 더불어민주당 대표와 정청래 과방위원장 등 야당 일부 지도부의 어정쩡한 태도에서 원인을 찾는다. 당초 망 분쟁 이슈는 민주당 제21대 총선(2020년 4월) 중앙 공약이자 이재명 대선 공약이었다. 22대 민생법안으로도 지정됐지만 실제 행보는 다르다는 지적이다.



18만건에 달하는 LG유플러스 가입자 개인정보가 유출되면서 파장이 일고 있다. 개인정보보호위원회 등은 조사에 착수한 가운데 정확한 개인정보 유출 규모와 경위, 안전조치 의무 준수 여부가 법규 위반 여부를 따지는 핵심 쟁점이 될 전망이다.  [사진=픽사베이]◆LG유플러스 '개인정보 유출' 일파만파…주요 쟁점은?18만건에 달하는 LG유플러스 가입자 개인정보가 유출되면서 파장이 일고 있다. 개인정보보호위원회 등이 조사에 착수한 가운데 정확한 개인정보 유출 규모와 경위, 안전조치 의무 준수 여부가 법규 위반 여부를 따지는 핵심 쟁점이 될 전망이다.개인정보 보호법 제34조에 따르면 개인정보처리자는 개인정보 유출을 인지했을 경우 '지체 없이' 정보주체에게 ▲유출된 개인정보 항목 ▲유출된 시점과 경위 ▲피해 최소화를 위한 조치 ▲대응조치와 피해 구제 차 ▲피해 사실을 접수할 수 있는 담당부서‧연락처 등을 알려야 한다.'지체 없이'란 어느 정도의 시간을 뜻하는 것일까. 보호법 제39조의 4(개인정보 유출 등의 통지·신고에 대한 특례)에 따르면 정보통신서비스 제공자와 개인정보를 제공받은 자는 개인정보위 또는 대통령령으로 정하는 전문기관에 신고해야 한다. 또 정당한 사유 없이 해당 사실을 인지했을 때부터 '24시간'을 넘어서 통지·신고해서는 안 된다.개인정보위와 KISA에 따르면 지난 2일 KISA는 외부에서 고객 개인정보 유출 관련 제보를 받은 후 LG유플러스에 이같은 내용을 전달했다. 이달 초 다크웹 해킹포럼에는 한 해커가 LG 데이터를 보유하고 있다며 구매자를 찾는다는 내용의 게시글을 올린 바 있다. 현재 해당 게시글은 삭제된 상태며, 당시 일부 데이터가 샘플로 공개됐다.KISA는 회사 측에 개인정보 유출 내용과 침해사고 가능성을 안내했고 내부적으로 확인 작업을 거친 LG유플러스는 지난 3일 KISA에 관련 내용을 전달했다. 같은날 개인정보위도 인지했고 LG유플러스는 5일과 9일 세 차례에 걸쳐 위원회에 신고했다.유출 규모가 18만건으로 확인된 것은 9일이다. 다음날인 10일 LG유플러스는 홈페이지와 문자 등을 통해 개인정보 유출 사실을 이용자에게 알렸다. KISA에 따르면 이번 사건이 침해사고로 정식 접수된 것은 10일이다. 침해사고란 해킹, 서비스 거부 등 외부에서 시스템을 공격하는 행위로 인해 발생한 사고를 뜻한다.보호법 위반 여부를 따지기 위해선 유출 인지부터 신고, 정보주체 통지 시점까지 벌어진 과정을 들여다봐야 할 것으로 보인다. 정부기관 신고와는 별개로 유출 인지 시점이 2일이라면 이용자에게 통지하기 전까지 약 1주일의 시간이 흐른 셈이다.보호법 시행령 제40조에서는 '유출된 개인정보 확산과 추가 유출을 방지하기 위해 접속경로 차단, 취약점 점검·보완, 유출된 개인정보의 삭제 등 긴급한 조치가 필요한 경우에는 그 조치를 한 후 지체 없이 정보주체에게 알릴 수 있다'고 명시하고 있다. 고객 통지 지연 여부가 쟁점으로 부각된 가운데 보호법과 시행령 등을 모두 살펴봐야 한다는 것이 개인정보위의 설명이다.



'클라우드 서비스 보안인증(CSAP)' 인증마크 이미지. [사진=KISA 홈페이지 캡쳐]◆정부, CSAP 등급제 이달 중 시행…업계 ""하등급도 실증 필요""클라우드 보안인증 등급제(CSAP) 도입에 대한 의견이 분분한 가운데 정부는 이달 중 업계 의견을 취합해 최종 개정안을 시행하겠다는 방침이다. 보안업계에서는 개정안 공포 후 바로 시행되는 하등급 보안인증에 대해서도 검증과 실증이 필요하다는 입장을 꾸준히 제기하고 있다.13일 과학기술정보통신부는 한국지능정보사회진흥원(NIA) 서울 사무소에서 클라우드컴퓨팅서비스 보안인증에 관한 고시 개정안 시행을 앞두고 국내 클라우드 업계 의견을 듣기 위한 간담회를 개최했다.이날 네이버클라우드·NHN클라우드·KT클라우드 등 국내 클라우드서비스사업자(CSP)는 물론 메가존클라우드·베스핀글로벌·나무기술 등 클라우드관리서비스 사업자(MSP)와 서비스형소프트웨어(SaaS) 사업자들이 참여해 의견을 냈다.CSAP등급제는 국가‧공공기관의 중요도 분류 기준과 절차에 따라 시스템을 상‧중‧하 등급으로 자체 분류하는 것이 골자다. 구체적으로 ▲하등급은 개인정보를 포함하지 않고 공개된 공공 데이터를 운영하는 시스템 ▲중등급은 비공개 업무자료를 포함 또는 운영하는 시스템 ▲상등급은 민감정보를 포함하거나 행정 내부업무 운영 시스템으로 분류한다.클라우드 사업자에 대한 보안인증 평가기준은 등급별로 차등화한다. 기존 평가항목 기준으로 상등급은 보완‧강화하고, 중등급은 현행수준을 유지한다. 하등급 평가기준은 합리적으로 완화할 방침이다. 특히 하등급 시스템에 대해 기존 민간‧공공 영역간 '물리적 분리' 요건을 완화해 '논리적 분리'를 허용한다.지난달 말 과기정통부는 관련 내용을 포함한 '클라우드컴퓨팅서비스 보안인증에 관한 고시' 개정안을 오는 18일까지 행정예고했다. 이 기간 동안 업계, 관계기관 등이 참여하는 간담회 등 통해 각계 의견을 수렴해 최종 고시 개정안에 반영하고 1월 중 공포할 방침이다.과기정통부 관계자는 ""이번 간담회는 CSAP 등급제 도입과 관련 업계의 다양한 의견을 수렴하기 위해 진행됐다. 특히 상중하 등급제 시행과 관련, 하등급 실증에 대한 업계의 의견을 들었고 여러 의견에 대한 적절성 여부를 검토할 예정""이라고 밝혔다.보안업계에서는 상·중·하등급 동시 시행이 필요하다는 의견이 나오고 있다. CSAP 등급제 개편의 신속한 시행을 강조한 SaaS기업들도 상중하 등급에 대한 가이드라인이 불명확하다고 지적했다.현재 상·중·하등급에 대한 기준, 시행방안 및 적용 시스템이 명확하지 않은데, 이런 상황에서 하등급만 먼저 시행될 경우 SaaS 기업들은 어느 등급의 CSAP를 받아야 하는지 비교·검토가 불가하다는 설명이다.더욱이 하등급에 대한 클라우드 보안인증은 고시 공포 후 즉시 시행하는 규정에 대한 업계의 반발이 심한 상황. 상‧중등급은 안전성, 활용성 등을 고려해 실증‧검증을 통해 세부 평가기준을 보완한 뒤, 내년 중 시행할 예정이다.이에 대해 상·중등급은 실증을 진행하면서 하등급을 먼저 시행하는 것은 역차별이라는 주장도 나온다. 더욱이 CSAP는 사업자격이 아닌 보안인증이기에 하등급도 보안 안정성을 파악한 후 시행하는 게 필요하다는 입장이다. 또한 공공 클라우드 시장의 수요가 여전히 불확실한 상황에서 등급제 추진에 따른 상·중·하 등급별 시장 비율이나 세부 추진 계획을 발표해야 한다는 의견이 나왔다.



정부가 중간요금제 다양화를 주문한 가운데 소비자가 체감할 수 있는 정책 추진을 위해서는 종합적인 요인이 고려돼야 한다는 의견이 국회 내부에서 나오고 있다. 사진은 중간 요금제 관련 이미지. [사진=안세준 기자]◆'중간요금제' 중간점검…""현행 요금제는 정책 실패…실효성 높여야""정부가 중간요금제 다양화를 주문한 가운데 소비자가 체감할 수 있는 정책 추진을 위해서는 종합적인 요인이 고려돼야 한다는 의견이 국회 내부에서 대두됐다. 현행 중간요금제는 보여주기식 정책에 그친다는 평가다.안정상 과방위 수석전문위원은 지난 12일 중간요금제 등 정부가 펼쳐 온 현행 통신비 인하책에 대해 ""보여주기식, 주먹구구식 쪼개기 통신비 인하 방안 추진은 국민적 비판만 초래한다. 고물가 시대에 가계 부담 경감을 위한 국민 체감형 가계 통신비 인하 정책이 필요하다""고 말했다. 현재 출시된 중간요금제의 실효성이 부족하다는 분석이다.지난해 4월 정부는 대통령직인수위 과학기술분과에서 '차세대 네트워크 발전 전략' 수립 추진을 위한 중점과제를 발표한 바 있다. 5G 요금제를 다양화하고 디지털 서비스 이용자 선택권을 확대하기 위해 10~100GB 구간 내 이른바 '중간요금제'를 적극 출시하도록 유도하겠다는 것을 골자로 했다.정부 방침에 SK텔레콤이 월 5만9천원에 데이터 24GB를 제공하는 요금제를 출시하자 KT와 LG유플러스도 월 6만1천원에 각각 30GB와 31GB의 데이터를 제공하는 요금제 등을 선보였다.업계의 5G 중간 요금제 출시에 요금제 선택권을 늘렸다는 긍정적 반응도 있었으나 부정적 평가가 주를 이뤘다. 실제 각 사에서 발표한 5G 중간요금제 가격은 월 6만원 내외로 150GB 요금제(월 7만5천원 내외) 대비 가격 경쟁력이 떨어진다는 점이 꼽혔다.데이터 제공량 역시 실제 소비자 선호도와는 간극이 있다는 평가도 나왔다. 지난해 국회 과학기술정보방송통신위원회가 이동통신사 이용자 1천325명을 대상으로 가장 선호하는 중간요금제 데이터 제공량을 조사한 결과 41%가 40GB 이상을 원한다고 응답했기 때문이다.이에 정부는 지난달 21일 '2023년 경제정책방향'을 발표하며 기존 요금제 이상 구간의 다양한 요금제가 추가 출시되도록 적극 유도하겠다고 했다. 과학기술정보통신부도 지난달 28일 '대통령 업무보고서'에서 다시 40~100GB 구간의 중간요금제를 출시하도록 독려하겠다고 발표했다. 정부는 지난 4일 있었던 비상경제장관회의에서 나온 '설 민생 안정대책'에서도 조속히 다양한 5G 요금제 출시를 위해 통신업계와 적극 협의하겠다고 밝힌 바 있다.추진 과정 및 결과에 대해 안 위원은 ""사용자들의 평균 데이터 사용량에 따른 다양한 요금제 선택권을 박탈한 것이라는 비판을 피할 수 없었다""며 ""중간요금제의 기본 취지를 일탈한 것""이라고 평가했다. 또 이동통신사와 사전에 충분한 협의가 없었다는 점을 문제 삼았다. '이용약관심의자문위원회' 등과 조율하는 등 10~100GB 내에서 소비자의 선택권을 넓혀 줄 구간별 중간요금제 상품을 내도록 유도하는 사전 종합계획이나 논의체계가 없었다는 것이다.이에 더해 현 정부 및 다수 정부부처가 다시 추가적으로 중간요금제를 추진하겠다고 밝힌 사실 자체가 기 중간요금제 도입의 실패를 인정하는 것이라고 내다봤다.안 위원은 지난해 5월 윤석열 정부 국정과제에 포함된 디지털 이용 부담 경감을 위한 '청년·어르신 맞춤형 지원' 추진에 대해서도 비판적으로 분석했다. 어르신 및 청년 특화 요금제 등을 추진하겠다는 기 방침과 달리 '2023년 경제정책방향'에 청년층과 관련된 정책 추진 계획은 빠졌다는 평가다.



확률 요소를 전면 배제한 '카트라이더: 드리프트'. [사진=넥슨]◆부분유료화 만든 넥슨…脫 확률로 새로운 흐름 이끌까게임업계 맏형이자 부분유료화 수익모델을 만든 넥슨이 확률형 아이템을 전면 배제하는 실험을 시작했다. 최근 확률형 아이템에 대한 게이머 여론이 최악으로 치달은 가운데 의미 있는 성과를 거둘 수 있을지 주목되고 있다.13일 게임업계에 따르면 넥슨(대표 이정헌)이 지난 12일부터 글로벌 서비스를 시작한 멀티플랫폼 게임 '카트라이더: 드리프트'는 확률형 아이템을 비롯한 여러 확률 요소가 전면 배제됐다. 앞서 넥슨은 이 게임을 서비스하기에 앞서 'No P2W(페이 투 윈)', 'No 캡슐형 아이템', 'No 확률' 등 '3No' 정책을 표방한 바 있다.실제 카트라이더: 드리프트 내 상점에서는 확률에 기반해 아이템을 제공하는 상품 등은 판매되지 않고 있다. 유료 재화인 'K-코인'으로 카트바디와 번호판, 스티커 등을 묶은 패키지나 특정 기간 동안 게임 내 미션을 수행해 추가 보상을 얻는 '프리시즌 프리미엄 패스 패키지' 등을 확정 구매할 수 있다. K-코인은 현재 7천500원부터 14만9천원까지 가격대를 형성한 상태다.원작 '크레이지레이싱 카트라이더'가 각종 확률 기반 콘텐츠와 과금 상품이 존재했다는 걸 감안하면 180도 달라진 운영인 셈이다. PC-모바일에 이어 향후 콘솔까지 아우르는 풀 크로스 플레이 게임이라는 점과 전 세계 이용자를 대상으로 한 만큼 진입 허들을 낮추고 부담을 줄이기 위해 이러한 과금 모델을 도입한 것으로  풀이된다.넥슨은 ""카트라이더: 드리프트는 글로벌 스탠다드에 맞게 확률 요소의 개입없이 누구나 편하게 이용할 수 있도록 설계했으며 레이싱 패스 중심으로 P2W 요소와 확률, 캡슐형 아이템 요소를 모두 배제했다""며 ""정보의 투명성과 형평성을 기반으로 레이서 친화적인 게임으로 자리매김하겠다""고 설명했다.넥슨은 1999년 출시한 PC 온라인 게임 '퀴즈퀴즈'를 통해 국내에서는 처음으로 부분유료화 모델을 도입한 게임사다. 한달에 일정 금액을 내고 접속 권한을 얻는 월 정액제가 보편화됐던 당시 넥슨은 퀴즈퀴즈에서 아바타를 통해 수익을 창출하는 모델을 만들었다. 이후 2001년 선보인 '크레이지 아케이드' 등을 통해 접속은 무료로 허용하고 유료 아이템을 판매하는 부분유료화 모델을 한국은 물론 전 세계로까지 확산시켰다.다만 이후 부분유료화 모델에 확률이 가미된 확률형 아이템이 등장하고 극도로 낮은 확률에 따른 폐해가 부각되면서 부정 여론이 확산됐다. 최근에는 트럭 시위까지 벌어지는 등 거센 이용자 반발에 직면하기도 했다. 확률형 아이템의 습득률 등 정보 공개를 못 박는 게임산업법 개정안이 지지를 받는 이유이기도 하다.게임업계는 이런 분위기 속에 확률 요소를 전면 배제한 카트라이더: 드리프트를 선보인 넥슨의 향후 행보에 관심을 기울이는 모습이다. 부분유료화 모델을 도입하고 확률형 아이템 보급에 주력했던 넥슨이 새로운 변화를 주도할 수 있을지가 관건이다. 확률을 전면 배제하겠다는 서비스 방향이 이후에도 지속될지 여부 또한 관전 포인트다.



서울행정법원 앞. [사진=민혜정 기자]◆법원, 게임위 손들었다…첫 P2E게임 소송 '기각'스카이피플의 P2E 등급분류취소 관련 소송이 약 1년 8개월만에 법원에서 좌절됐다.13일 법조계에 따르면 서울행정법원은 스카이피플(대표 박경재)이 게임물관리위원회(위원장 김규철, 이하 게임위)를 상대로 제기한 등급분류취소처분 취소의 소를 이날 기각했다.앞서 2021년 5월 17일 게임위는 구글플레이에 스카이피플의 '파이브스타즈 포 클레이튼' 15세 이용 등급분류결정 취소처분을 내렸고 스카이피플이 같은달 게임위를 상대로 법적 대응에 나섰다. 게임위는 당시 NFT 소유권이 게임사가 아닌 이용자에게 귀속된다는 점에서 이는 게임산업법상 경품에 해당한다고 볼 여지가 있으며 게임 외부 거래를 통해 사행적으로 이용될 수 있다고 판단했다.반면 스카이피플 측은 NFT를 이용자 자산화 시킬 수 있고 다시 게임에서 아이템으로 활용될 수 있음에도 이를 경품으로 판단하는 것은 지나친 과잉 해석이라고 주장했다. 사행성 역시 확률형 아이템 BM을 활용하는 많은 게임이 이미 외부 중개거래소를 통해 거래되고 있기 때문에 블록체인 게임에만 해당되는 것은 아니라는 해석이다.양측 공방은 2021년 6월 법원이 스카이피플의 집행정지 신청을 일부인용, 9월에는 인용하면서 사태가 전환됐다. 당시 법원은 신청인에게 회복하기 어려운 손해가 발생할 우려가 있고 손해를 예방하기 위해 긴급한 필요가 있다는 점을 인정했다.
]"
[게임사 글로벌 공략 집중...확률형 아이템 규제 여부 주목],https://n.news.naver.com/mnews/article/092/0002278167?sid=105,"[
[2023 전망] 주요 게임사 모바일PC콘솔 신작 글로벌 진출 잇따라올해 게임업계를 돌아보면 그야말로 다사다난이었다. 흥행작에 웃은 게임사가 있었다면, 가상자산 시장에 불고 있는 찬바람에 웃음을 잃은 게임사도 있었기 때문이다.게임 관련 규제에 대한 부정적 시각은 여전했다. 확률형 아이템 규제와 블록체인 게임 허용 등을 두고 의견은 엇갈렸다. 또 게임물등급위원회(게임위)는 게임등급 관리에 대한 전문성 등이 부족하다는 지적과 함께 사업 비리 의혹으로 감사원의 감사 대상에 오르기도 햇다.안타까운 일도 있었다. 지난 2월말 넥슨 창업자인 김정주 전 대표가 돌연 세상을 떠나 업계에 슬픔을 안겨줬었다. 김 전 대표의 사업 비전은 유가족인 엔엑스씨 유정현 감사와 이재교 대표를 비롯해 이정헌 넥슨코리아 대표, 김정욱 넥슨재단 이사장, 넥슨코리아 IP사업투자총괄로 자리를 옮기는 노정환 네오플 대표 등이 이어받은 상황이다.그렇다면 새해 어떤 이슈가 부각될까. 키워드로 보면 크게 글로벌, 블록체인 게임, 규제 세 가지였다.중대형 게임사, 플랫폼 다각화로 글로벌 진출게임사 대부분은 새해 글로벌 시장 진출에 초점을 맞춘 장르 다양화와 플랫폼 다각화(모바일, PC, 콘솔 등)에 힘을 쏟을 전망이다. 이는 국내 내수 시장의 한계를 넘어야한다는 절박함이 반영된 결과로 풀이되고 있다.넥슨과 엔씨소프트, 넷마블, 크래프톤, 카카오게임즈, 펄어비스, 컴투스 그룹, 네오위즈, NHN, 위메이드 등의 경우 내년 글로벌을 겨냥한 신작을 추가로 꺼낸다는 계획이다.넥슨은 새해 레이싱 장르 '카트라이더: 드리프트(모바일·PC·콘솔)'와 슈터 장르인 '베일드엑스퍼트(PC)', MMORPG '프라시아전기(모바일·PC)', '마비노기모바일(모바일·PC)' 등을 선보인다.



3N 게임사 넥슨, 넷마블, 엔씨소프트.또한 엔씨소프트는 MMORPG 'TL(PC·콘솔)', 넷마블은 액션RPG '나 혼자만 레벨업: 어라이즈(모바일·PC)', 크래프톤은 PVP장르 '디펜스더비(모바일)', 카카오게임즈는 수집형RPG '에버소울(모바일)', NHN은 루트슈터 '다키스트데이즈(모바일·PC)', 펄어비스는 MMORPG '붉은사막(PC·콘솔)', 컴투스홀딩스는 MMORPG '월드 오브 제노니아(모바일)', 위메이드는 '나이트크로우(모바일·PC)', 네오위즈는 'P의거짓(PC·콘솔)' 등을 꺼낼 예정이다.시장에서는 각 게임사들이 새해 실적 개선에 성공할지 예의주시하고 있다. 넥슨과 엔씨소프트 등을 제외한 대부분의 게임사가 올해 기대 이하의 실적을 기록할 수 있다는 예상 때문이다. 넷마블과 펄어비스의 경우 인건비 부담과 신작 출시 지연 등에 따른 실적 악화를 새해에 극복할 수 있을지 주목을 받고 있다.블록체인 게임 관심 지속...가상자산 찬바람에 생존 초점블록체인 게임에 대한 관심은 새해에도 이어질 것으로 보인다. 특히 정부의 가상자산 가이드라인이 진흥으로 방향이 잡히면, 국내 블록체인 게임 사업자에게 힘이 힘이 실릴 수 있다는 목소리도 들리고 있다.블록체인 게임 사업은 위메이드와 컴투스 그룹, 넷마블, 네오위즈 등이 주도하고 있다. 위메이드의 '미르M' 뿐 아니라 넷마블의 '모두의마블: 메타월드', 컴투스홀딩스의 '월드 오브 제노니아' 등 다양한 장르의 블록체인 신작은 새 해외를 겨냥한다.업계에선 올해 루나-테라 사태와 FTX 파산, 위믹스 상장폐지 등 악재 탓에 블록체인 게임 생태계 진화에 부정적인 영향을 끼쳤다고 평가했다. 그럼에도 위메이드의 해외 자회사 위믹스는 '미르4 글로벌'과 '열혈강호글로벌', '데카론G' 등에 힘입어 집중 조명을 받기도 했다.업계 한 관계자는 ""비록 일련의 사태로 인해 최근 가상자산 시장이 위기를 맞았지만, 여전히 동남아 및 남미 시장에서 블록체인 게임 수요는 꾸준하다""며 ""정확한 시기를 확정할 수 있지만, 추후 국내에서 블록체인 게임 서비스가 허용된다면 해당 산업은 성장할 수 밖에 없다""고 내다봤다.



출처=이미지투데이물론 블록체인 게임에 회의론도 존재한다. 블록체인 게임의 근간이 되는 가상자산의 가치 하락과 사회적 불신 탓이다. 크립토윈터(가상자산 혹한기)다.새해에도 크립토윈터가 지속될 수 있는 만큼 블록체인 게임 산업 성장은 불투명하다는 의견도 있었다. 특히 중소게임사들이 블록체인 게임 사업의 비중을 낮추거나, 폐업 수순을 밟을 수 있다는 극단적인 전망도 있었다. 가상자산 시장에 불고 있는 찬바람 가운데 새해 중소 블록체인 게임사업자들이 살아남을 수 있을지 지켜봐야 하는 이유다.또 다른 게임사 관계자는 ""이전에 비해서 블록체인 게임 시장에 대한 확신이 줄었다. 그동안 준비해오던 여러 가지 블록체인 관련 사업을 한 번에 정리하지는 않겠지만, 차츰차츰 비중을 줄이는 곳도 늘어날 것""이라며 ""블록체인 게임사 중에는 새해 생존에 위협을 겪을 수 있다. 정부의 가상자산 관련 가이드라인이 빨리 나오기를 바라는 게임사도 늘고 있다""라고 말했다.'뜨거운 감자' 확률형아이템...새해에도 자율-강제 규제두고 대립 예상확률형 아이템 규제와 게임물관리위원회 등의 이슈도 새해에 다시 부각될 가능성은 높아 보인다.확률형 아이템 규제는 올해 핫이슈였다. 자율 규제냐 강제 규제를 두고 각각 다른 의견들이 대립했다.지난 20일 확률형 아이템 규제 내용을 담은 게임 개정법안을 두고 문화체육관광위원회 법안심사소위원회(문체위 법안소위)가 열렸었지만, 더불어민주당 간사인 김윤덕 의원이 반대로 계류됐다고 알려지기도 했다. 김윤덕 의원는 법적규제로 인한 산업 피해와 해외 게임사와 역차별이 우려된다며 자율규제에 손을 들었다.확률형 아이템 관련 법적규제는 새해 문체위의 법안소위에서 다시 논의될 예정이다. 정치권이 정부 부처의 발에 맞춰 게임 자율 규제에 손을 들어줄지가 관전 포인트다. 정부 부처가 공개한 '2023년 경제정책방향'을 보면 기업 투자 일자리 활력 회복을 위한 규제 혁신 가속화에 '미디어 콘텐츠(게임OTT유료방송 규제 완화 등)'가 포함된 것을 확인할 수 있다.



게임위의 등급심사 전문성 논란과 자체 등급 분류 게임물 통합 사후관리 시스템 구축사업 관련 비리 의혹 이슈도 새해로 넘어갈 것으로 예상된다.감사원 국민감사청구심사위원회는 지난 21일 국민감사청구 연명을 접수한 이상헌 의원실에 감사실시 결정 사실을 통보했다. 이에 게임위는 지난 2019년부터 이어진 자체등급분류 게임물 통합 사후관리시스템 구축 및 운영에 대한 감사를 받게 됐다. 감사원은 조사 결과 명확한 범죄 혐의가 있을 경우 수사기관에 수사를 요청할 수 있다.업계 한 관계자는 ""감사원이 감사를 시작하게 되면 게임위는 물론 등급분류 시스템에도 적지 않은 변화가 있지 않을까 예상된다""라며 ""게임위의 등급분류 전문성 논란은 단순하게 접근할 문제는 아니다. 사행성 게임물 관리 및 감독으로 인해 정작 게임위가 일반게임물에 신경을 쓰기 힘든 구조라는 점도 주목할 필요가 있다. 이번 일을 계기로 발전적인 결과가 도출되길 바란다""라고 말했다.이와 함께 중국 게임 수출 소식도 잇따를지 주목을 받고 있다. 2017년 한한령 이후 최근 한국 게임 판호가 대거 발급된 영향이다.지난 28일 중국 국가신문출판서는 공식 홈페이지를 통해 한국 게임을 비롯해 외국 게임 44종의 외자 판호 발급을 안내했다. 이번 판호 발급 리스트에는 넥슨의 '메이플스토리M', 넷마블의 '제2의 나라' 'A3: 스틸얼라이브' '샷타이탄', 스마일게이트의 '로스트아크' '에픽세븐', 엔픽셀의 '그랑사가' 등 7종이 이름을 올렸다.다만 중국 판호의 문이 활짝 열렸는지는 좀 더 지켜봐야할 것을 보인다. 중국 시장은 불확실성이 높기 때문이다. 새해 판호 발급 건 수를 확인해야하는 이유다.중국 당국은 그동안 판호 발급 부처 개편과 게임 규제 강화 등을 이유로 판호 발급에 소극적이었다.이에 대해 업계 관계자는 ""최근 한국 게임 7종이 대거 중국 판호를 발급받으며 한한령 해제에 기대를 높였다""며 ""그러나 중국은 공식적으로 한한령은 없었다는 입장을 보이고 있고, 불확실성이 큰 시장인 만큼 새해 판호 발급 건수를 다시 확인해봐야할 것""이라고 전했다.
]"
[콘솔 넘어 PC로… ‘블록버스터’ 게임들 몰려온다],https://n.news.naver.com/mnews/article/081/0003308017?sid=105,"[
판 키우는 국내 게임업계최대 中시장 축소·고품질 수요에‘모바일 게임만으로 안 돼’ 위기감문턱 낮춘 게임기 시장 개척 이어회사 명운 건 ‘AAA’급 출시 앞둬최대 기대작 네오위즈 ‘P의 거짓’첫 콘솔 대작 엔씨 ‘TL’ 내년 출격넥슨, 3인칭 슈팅 게임 개발 나서크래프톤도 연말 신작 출시 예정



엔씨소프트가 내년 콘솔과 PC 기반으로 출시할 예정인 대규모 다중 사용자 온라인 롤플레잉게임(MMORPG) ‘TL’(쓰론 앤 리버티)의 장면.영화에 ‘블록버스터’, 제품에 ‘플래그십’이 있다면 게임엔 ‘트리플에이’(AAA)가 있다. AAA 게임은 제작사의 명운을 걸고 막대한 제작비와 인력, 기술을 쏟아부어 만드는 대작을 말한다. AAA 게임은 사실상 콘솔(게임기), 그리고 기기 간 경계가 없어진 PC를 통해서만 즐길 수 있다. 게임만을 위해 만들어진 프로세서와 그래픽 카드를 탑재한 콘솔이나 PC, 이와 연결된 가정용 영상·음향기기를 사용해야 고도의 작품성과 속도, 그래픽과 음향을 제대로 느낄 수 있기 때문이다.그런데 국산 게임은 몇 년 전까지 AAA 게임은 고사하고 콘솔 시장에 발조차 들이지 못했다. 국내 게임회사들은 대신 모바일 게임을 만들었다. 현재 국내에서 대형 게임사로 분류되는 경우의 대부분은 모바일 게임을 통해 몸집을 불렸다. 하지만 이들은 어느 정도 성장한 뒤에도 콘솔 시장에 진입하지 않았다.



콘솔 게임 시장에 진출하지 못한 이유로 업계의 폐쇄적인 정책이나 진입 장벽 등을 거론하는 의견도 많지만 그보다는 안정적인 수익을 내려는 국내 개발사들의 ‘선택’이라고 볼 수 있다. 시장이 많이 달라졌지만 콘솔 게임은 여전히 타이틀 자체 판매량이 매출에 절대적인 영향을 미친다. 더 많은 인력과 개발 기간, 제작비, 마케팅 비용이 투입된 타이틀이 흥행에 실패할 경우 손실이 크다. 국내 개발사들은 그런 위험을 부담하며 콘솔 게임을 개발하는 대신 한국을 모바일 게임 강국으로 만들었다.그러나 최근 상황이 많이 달라졌다. 모바일 게임의 최대 소비자였던 중국이 시장을 닫아 버리고 자국 개발사를 키워 모바일 게임 시장의 큰 부분을 차지했다. 콘솔 게임 시장이 아시아 지역에서는 모바일 게임에 압도당했지만 북미와 유럽에서는 여전히 두텁고 견고한 사용자층을 확보하고 있다. 국내 게임사들이 해외시장에 진출하기 위해선 콘솔 게임 개발을 하지 않을 수 없게 된 것이다.더구나 2019년부터는 코로나19 확산으로 야외 활동이 금지되고, 집 안에서 보내는 시간이 길어졌다. 이에 따라 오랜 시간 즐길 수 있는 고품질 게임에 대한 수요가 높아졌고, 사용자들은 ‘현질’(현금결제) 여부로 승패가 결정되는 단순하고 비슷한 모바일 게임에 지치기 시작했다. 모바일 게임의 과금 시스템에 대해 규제와 비판의 목소리도 높아졌다.한국콘텐츠진흥원이 매년 발간하는 ‘대한민국 게임백서’의 최신판인 2021년판에 따르면 코로나19 확산 전엔 국내 게임 유저의 평균 콘솔 게임 이용 시간은 주중 52분, 주말 1시간 40분에 불과했다. 그러나 지난해엔 주중 1시간, 주말 1시간 51분으로 약 10분이 늘어났다. 같은 기간 모바일 등 다른 플랫폼 이용 시간은 고작 1~3분밖에 늘어나지 않았다. 실제로 국내 콘솔 게임 시장의 규모는 최근 5년간 꾸준히 커졌지만 성장률은 2016년 58.1%에서 매년 줄어들어 코로나19 확산 시기인 2019년 31.4%를 기록한 뒤 2020년 57.3%로 크게 늘었다.모바일 게임은 중소 개발사도 비교적 쉽게 시장에 제품을 내놓을 수 있고, 사용자는 언제 어디서든 자유롭게 콘텐츠를 다운로드해 사용할 수 있다. 이런 모바일 게임과 경쟁하기 위해 그동안 닌텐도(스위치)와 소니(플레이스테이션·PS), 마이크로소프트(엑스박스)로 대표되는 콘솔 업계가 ‘문턱’을 많이 낮춘 것도 사실이다. 콘솔 업체들은 자신들끼리의 콘텐츠 경쟁에서 우위에 서기 위해서라도 많은 개발사에 정책을 개방해야만 했다. 구독 요금제, 클라우드 게이밍, 다운로드콘텐츠(DLC) 등으로 게임을 구매할 수 있게 되면서 개발사 측은 반드시 디스크 형태의 제품을 출시하지 않아도 돼 위험 부담도 줄어들었다.이에 국내 개발사들도 콘솔 시장에 뛰어들기 시작했다. 처음엔 모바일로 흥행성이 검증된 지식재산권(IP)을 중심으로 콘솔 시장에 진출했다. 펄어비스가 2019년 3월 엑스박스원을 시작으로 ‘검은사막 콘솔’을 출시한 것이 대표적이다. 넷마블은 ‘세븐나이츠 타임 원더러’를 2020년 닌텐도 스위치로 출시했다. 지난 6월 ‘던전앤파이터’ IP를 바탕으로 ‘DNF 듀얼’을 콘솔 게임으로 출시한 넥슨은 플레이스테이션4, 엑스박스원 등의 콘솔과 PC, 모바일 사용자 모두가 즐길 수 있는 ‘카트라이더: 드리프트’ 출시를 앞두고 현재 사전 등록을 진행 중이다.



네오위즈가 내년 출시를 목표로 개발 중인 ‘P의 거짓’의 메인 이미지. 이 게임은 지난 8월 독일에서 열린 세계 3대 게임쇼 게임스컴에서 국산 게임 최초로 3관왕이 됐다.올해 말부터 내년 사이엔 국산 AAA 게임들도 콘솔과 PC판으로 대거 등장한다. 내년 출시를 목표로 한 네오위즈의 ‘P의 거짓’은 커다란 기대를 모으고 있다. 지난 8월 독일에서 열린 세계 3대 게임쇼 ‘게임스컴’에서 ‘최고의 액션 어드벤처 게임’, ‘최고의 롤플레잉 게임’, ‘가장 기대되는 PS 게임’ 등의 부문에서 수상작으로 선정됐다. 고전 ‘피노키오’를 중세 잔혹극으로 재해석한 세계관에 수많은 마니아층을 보유한 ‘소울라이크’(프롬 소프트웨어의 ‘소울’ 시리즈를 계승한 3인칭 액션 롤플레잉) 형태의 전투 시스템을 도입해 전 세계 게이머의 기대를 받고 있다.‘리니지’ 시리즈로 한 시대를 풍미한 엔씨소프트는 내년 상반기 출시 예정인 첫 콘솔 대작 ‘TL’(쓰론 앤 리버티)에 역량을 집중하고 있다. ‘리니지’ 등 기존 IP에서 벗어난 완전히 새로운 세계관을 무대로 만들어진 대규모 다중 사용자 온라인롤플레잉게임(MMORPG)으로 알려졌다. 지난달엔 직원 3000명이 참여한 사내 테스트 영상이 공개됐는데 대규모 공성전과 탐험, 사냥 등 게임 속 장면이 관심을 끌었다.



넥슨이 개발 중인 ‘퍼스트 디센던트’의 대표 이미지. 게임 출시일은 미정이지만 오는 20일부터 27일까지 글로벌 베타테스트를 진행할 예정이다.넥슨 역시 지난 8월 도쿄 게임쇼에서 개발 중인 ‘퍼스트 디센던트’ 플레이 영상을 공개했다. ‘보더랜드’, ‘사이버펑크 2077’로 대표되는 루터슈터 장르로, 총을 쏘며 경험치와 아이템을 모으는 수집형 3인칭 슈팅(TPS)이라고도 한다. 영상에는 다양한 매력을 가진 캐릭터들이 각자의 특징을 살린 협력 플레이로 거대한 보스를 공략하는 장면이 담겼다.‘검은사막’으로 콘솔 시장에 안착한 펄어비스는 지난해 두 개의 영상을 공개하며 게이머들에게 충격을 줬다. 하나는 내년 하반기 출시를 목표로 한 ‘붉은사막’의 플레이 영상이다. 캐릭터 동작과 옷자락의 세세한 움직임까지 실사영화에 가깝게 표현한 그래픽으로 시대를 뛰어넘는 작품성을 보여 줄 것으로 예상된다. 또 하나는 게임스컴에서 공개된 메타버스 게임 ‘도깨비’의 게임플레이 트레일러인데, 영상을 보면 게이머는 서울과 주요 도시를 그대로 옮겨 놓은 듯한 가상공간에서 아바타를 통해 게임뿐 아니라 ‘K컬처’의 모든 활동을 할 수 있을 것으로 보인다.



크래프톤이 연말 출시하는 ‘칼리스토 프로토콜’의 표지 이미지. 명작 게임 ‘데드 스페이스’를 계승하는 작품으로 큰 주목을 받고 있다.크래프톤은 차세대 서바이벌 호러 게임인 ‘칼리스토 프로토콜’을 연말 출시할 예정이다. 명작 호러 슈팅게임 ‘데드 스페이스’의 창시자이자 슬레지해머 게임스의 설립자 글렌 스코필드가 개발에 참여해 화제가 됐다. 신선한 장르와 ‘데드 스페이스’의 정신적 후속작이라는 점이 주목을 끌었으며, 충격적인 시네마틱 트레일러가 게임에 대한 기대감을 높였다.스마일게이트는 전 세계 누적 가입자가 7억명에 육박하는 1인칭 슈팅게임(FPS) ‘크로스파이어’의 IP를 활용해 지난 2월 ‘크로스파이어 X’를 엑스박스로 출시했다. 이 외에도 ‘데스티니 차일드’를 개발한 시프트업은 내년 첫 AAA 게임인 ‘스텔라 블레이드’를 콘솔로 출시할 예정이다.다음달 부산에서 열리는 국내 최대 게임쇼 ‘지스타 2022’에서 이들 게임의 개발 진행 상황과 추가 정보가 공개될 것으로 보인다. 네오위즈는 행사에서 ‘P의 거짓’ 공동 인터뷰를 계획 중이다. 이제 국내 게임사에 콘솔 시장 개척과 AAA 게임 제작은 선택이 아닌 필수가 됐다. 콘솔 업계에서는 후발 주자이지만 모바일 게임을 통해 축적한 기술과 경험, 자본으로 결국 글로벌 시장에 안착할 수 있을 것으로 전망된다.
		]"
[[아!이뉴스] 韓 게임 시장 20조원 돌파…택시 대란 해소될까],https://n.news.naver.com/mnews/article/031/0000720351?sid=105,"[
 하루가 다르게 변화하는 IT세상 속에서 쏟아지는 정보를 일일이 다 보기 어려우신 독자분들을 위해, 독자 맞춤형 IT뉴스 요약 코너를 마련했습니다. 본지에서 오늘 다룬 IT기사를 한눈에 읽을 수 있도록 구성했습니다. 퇴근길에 가볍게 읽을 수 있기를 기대합니다. [편집자주]



구현모 KT대표가 지난해 온라인으로 개최한 시무식에서 새해 경영 키워드로 안정·고객·성장을 제시하고 있다. [사진=KT]◆구현모發 KT그룹 경영 키워드…연임 이슈에도 흔들림 없다구현모 KT 대표가 지난해에 이어 올해 경영 키워드로 안정·고객·성장 3대 가치를 제시했다. 고객 중심과 기업 성장은 첫 취임 당시 그의 경영 철학이기도 하다. KT 최대주주인 국민연금공단의 연임 반발에도 '국민이 필요로 하는 기업을 만들겠다'는 의지는 흔들림이 없다.KT(대표 구현모)는 송파 사옥에서 KT그룹 신년식을 개최했다고 2일 발표했다. 구현모 대표를 비롯한 최장복 KT 노조위원장, 정년 퇴직을 앞둔 직원, 신입사원 등 임직원 23명이 참석했다. 해외 현지 KT 직원도 온라인 방식으로 참여한 것으로 알려졌다.이날 구 대표가 강조한 키워드는 크게 세 가지다. ▲통신망 장애 예방 등에 대한 안전·안정 운용 ▲다른 산업과의 연계·글로벌 진출 등을 통한 3차원적 성장 ▲디지털 시민 원팀(One-Team)을 통한 사회적 책무 강화 등이다. 이를 통해 대한민국 발전에 기여하는 KT그룹을 만들겠다는 포부다.우선 안전과 안정 운용에 대해선 '통신망 장애'를 거론했다. 통신망 장애는 장애가 아닌 재해라고 했다. 본업이 통신인 KT 수장이 자기진단적인 목소리를 낸 것. 구 대표는 ""KT그룹이 운영하는 인터넷데이터센터(IDC), 클라우드 등은 국민 삶과 밀접한 만큼 안정화 수준을 높여야 한다""고 강조했다.기업 성장에 대해서도 언급했다. 디지코(DIGICO) 전략을 다른 산업과 연계·글로벌 진출 등을 통해 성장을 이끌겠다고 했다. 구 대표는 ""기업을 움직이는 시스템과 리더십, 기술은 결국 사람과 맞닿아 있다. 혁신적인 기술 역량은 KT그룹 성장과 미래를 위한 필수 조건""이라고 부연했다.고객 중심도 빼놓을 수 없다. 국민 생활과 밀접한 사회적 책무를 다하는 기업으로 저변을 넓혔다. 그는 ""디지털 시대를 리딩한다는 것은 사업 뿐만 아니라 사회적 책임까지 포함한다. 디지털 시민 원팀을 통해 디지털 시대 사회적 부작용에 사명감을 갖자""고 제언했다.



지난달 22일 백종욱 국가정보원 3차장이 경기 성남시 국가사이버안보협력센터에서 열린 기자 간담회에서 환영사를 하고 있다. [사진=국정원]◆해 넘긴 尹 공약 '사이버보안 거버넌스'…상반기 급물살 탈까국내 사이버위협 대응 체계는 국가정보원‧국방부‧과학기술정보통신부로 분할돼 통합적 대응에는 한계가 있다는 지적이 그동안 제기돼 왔다. 사이버 안전을 총괄하는 거버넌스를 구축해 민‧관‧군 협력체계의 원활한 운영을 도모해야 한다는 주장이 제기된 배경이다.기본법 제정과 컨트롤타워 설치 논의는 수년째 공회전을 거듭하고 있는 가운데 최근 국가정보원이 기본법 제정 추진 의지를 재차 밝히면서 올해 상반기 관련 논의가 급물살을 탈지 주목된다.2일 보안업계에 따르면 국정원은 지난해 11월 '국가사이버안보기본법' 제정안을 입법예고했다. 지난해 상반기 법안 관련 논의가 진행됐지만 원안 처리 주장과 민간인 사찰 우려라는 양극단의 입장이 좁혀지지 않으면서 하반기엔 다시 수면 밑으로 가라앉았다.지난해 5월 출범한 윤석열 정부는 대통령 직속으로 국가사이버안보위를 설치하고 운영체계와 기관별 역할을 규정한 법령 제정을 추진하겠다고 밝힌 바 있다. 이번에 국정원이 제출한 정부안의 주요 내용은 ▲국가사이버안보위원회(제6조) ▲예방·대응활동(제7조) ▲정보 공유(제8조) ▲통합대응 조직 운영(제9조) ▲국회 감독(제12조) ▲개인정보 처리(16조) 등이다.대통령 소속으로 국가사이버안보위를 설치하고 위원회는 위원장을 포함해 20명 이내의 위원으로 구성한다는 내용이 골자다. 위원장은 국가안보실장으로, 위원은 국정원장과 개인정보보호위원장 등 중앙행정기관의 장 중 대통령이 지명하거나 국회 정보위 지명을 받은 자, 민간 전문가 중 대통령이 위촉한 자로 구성토록 했다.당초 의원 발의안에선 사이버안보위 구성 기관에 개인정보위가 명시되지 않았지만 개인정보위가 참여를 요청해 반영됐다. 개인정보위 개인정보정책국 관계자는 ""앞서 김병기 의원안 추진 과정에서 개인정보위가 개인정보 관련 주무 부처로 참여하는 것이 바람직하다는 의견을 표명한 바 있다""고 말했다.



올해 소프트웨어(SW)업계는 국내 인공지능(AI) 제품·서비스 고도화와 함께 전 산업영역에서 SW영역 확대가 가시화될 것으로 보인다. [사진=픽사베이]◆""올해 경제 둔화에도 전산업 SW신성장동력 핵심으로 부상""올해 소프트웨어(SW) 업계는 국내 인공지능(AI) 제품·서비스 고도화와 함께 전 산업영역에서 SW영역 확대가 가시화될 것으로 보인다. 또한 블록체인이 웹3(Web3)와 연계해 탈중앙화·탈독점화 경제체계로 진화할 것으로 예상된다.소프트웨어정책연구소(SPRi)는 '2023년 SW산업 10대 이슈 전망'을 통해 올해 가장 주요한 이슈로 인공지능 기반 모델 고도화를 1위로 선정했다.SPRi는 2015년부터 매년 다음 해 이슈를 선정·도출해 발표하는 SW업계 대표기관으로 SW산업의 환경 변화와 이슈 변화에 적절히 대응하기 위한 목적이다.올해 10대 이슈는 ▲인공지능 기반모델의 고도화 ▲플랫폼형 SaaS의 공공부문 확대 ▲커지는 마이데이터 신뢰성 ▲자동차 기술 경쟁력 중 심축 SW이동 ▲산업 메타버스의 확산 ▲사물지능의 융복합화 가속 ▲비츄얼 휴먼의 영향력 확대 ▲초고령화에 대응한 스마트의료 본격화 ▲인프라로서 디지털플랫폼 역할 강화 ▲웹3: 탈중앙화와 탈독점화 촉진 등이다.국내외 글로벌 기업들의 초거대 AI모델 경쟁이 두드러질 것으로 예상된다. 최근 GPT-3 기반의 챗GPT가 한차례 이슈가 됐으며 이를 비롯해 초거대 데이터로 사전 학습된 모델로 자연어 처리, 이미지·비디오 기반 컴퓨터 비전, 로보틱스 등에서 급부상할 것으로 보인다.'플랫폼형 SaaS'는 애플리케이션 서비스를 위한 개발 및 배포환경을 제공하는 클라우드 서비스로, 단독형 SaaS와 비교해 공급자와 수요자 간 네트워크 효과를 창출해 고성장에 유리한 특징이 있다. 대표적으로 세일즈포스닷컴, 서비스나우 등이 개발 플랫폼에 써드파티 소프트웨어를 올려 판매 중이다.



국내 게임 시장 규모와 전망 표.◆'엔데믹 여파' 게임시장 성장세 둔화…2021년 성장률 전년比 절반코로나19 수혜가 이어진 2021년 국내 게임 시장 규모가 11.2% 성장세를 보이며 처음으로 20조원을 돌파했다. 이후 성장률은 코로나19 이전 수준으로 복귀할 것으로 전망된다.2일 문화체육관광부(장관 박보균)와 한국콘텐츠진흥원(원장 조현래, 이하 한콘진)은 매년 한해의 게임산업을 결산하는 '2022 대한민국 게임백서'를 발간했다.보고서에 따르면 2021년 국내 게임산업 매출액은 전년 대비 11.2% 증가한 20조9천913억원으로 집계됐다. 코로나19가 본격화한 2020년 국내 게임시장 성장률이 전년 대비 21.3%을 기록한 점을 고려하면 절반에 가까운 성장률이다.수출액 증가율은 코로나19 이전 수준으로 복귀했다. 2021년 국내 게임산업 수출액은 86억7천287만달러(약 9조9천254억원)로 전년 대비 5.8% 증가한 것으로 나타났다. 2020년 국내 게임산업 수출액 증가율은 23.1%이었다. 2018년에는 8.2%, 2019년에는 3.8% 증가했다.2021년 모바일 게임 매출액은 12조1천483억원으로 전체 게임산업 매출액의 57.9%를 점유했다. PC 게임 매출액은 5조6천373억원(점유율 26.8%), 콘솔 게임 매출액은 1조520억원(점유율 5.0%), 아케이드 게임 매출액은 2천733억원(점유율 1.3%)을 각각 기록했다.플랫폼별로 전년 대비 PC 게임은 15%, 모바일 게임은 12.2%, 아케이드 게임 20.3%로 늘었다. 모바일 게임 시장은 뛰어난 접근성과 연이은 흥행작으로 2022년 매출은 전년 대비 14.1% 증가한 13조8천559억원에 이를 전망이다.2021년 세계 게임시장 규모도 성장률이 다소 감소했다. 2021년 세계 게임시장은 전년 대비 8.7% 증가한 2천197억5천800만달러로 추정된다. 전년도의 9.5% 성장 증가와 비교하면 줄어든 비율로, 2022년 성장률도 3.0%로 추산돼 앞으로 게임 시장의 성장폭의 변동성이 커질 것으로 예상되고 있다.



카카오모빌리티 '바로호출' 기능 예시 화면. [사진=카카오모빌리티]◆택시 잡힐 때까지 탐색 계속…카카오모빌리티, '바로호출' 시범 운영수도권을 중심으로 택시를 타기 어려운 승차난이 계속되는 가운데 카카오모빌리티가 잡힐 때까지 택시를 탐색하는 새 기능 시범 운영에 돌입했다.2일 관련 업계에 따르면 카카오모빌리티는 최근 '카카오T'에서 '바로호출' 시범 운영(베타)을 시작했다. 바로호출은 호출 1번으로 주변에 자동 배차 차량(카카오 T 블루·벤티·블랙 등)이 발견될 때까지 택시(차량)를 계속 탐색하는 기능이다.기존에는 카카오T를 통해 택시를 호출했다가 배차가 안될 경우 이용자가 택시 호출을 처음부터 다시 해야 했다. 특히 수도권 심야 시간대처럼 택시가 잘 잡히지 않을 때 택시 종류를 바꿔가며 호출을 여러 차례 다시 시도하는 경우가 많았다.새로 선보인 기능은 '카카오T 블루'나 '카카오T 벤티' 등 주변에 배차 가능한 자동 배차 차량(택시)이 잡힐 때까지 최대 10분까지 차량을 탐색한다. 자동 배차로 운영되는 택시 중 이용자가 원하는 차량을 여러 개 선택하면 근처에 가장 가까운 차량을 배차하는 식이다.해당 기능은 서울 지역에 한해 심야 시간대(오후 11시~새벽 2시)에 이용할 수 있다. 이용자 근처에 빈 차가 있는 경우에만 '바로호출'이 노출된다.카카오모빌리티가 새 기능을 내놓은 건 서울 등 수도권에서 택시를 잡아타기 어려운 현상이 계속되면서 이용자 불편을 해소하기 위한 일환이다. 회사 측에 따르면 서울시 강남구를 기준으로 승차난이 극심할 때 배차까지 승객 1명당 평균 6회 호출하며 10회 이상 호출하는 비율도 약 20%로 집계됐다.
]"
[],https://sports.news.naver.com/news.nhn?oid=236&aid=0000229559,[]
[TV구매심리 추락하는데도…'게임용 TV'는 불티],https://n.news.naver.com/mnews/article/421/0006511910?sid=101,"[
50인치대 TV 판매 줄었는데…40인치대는 오히려 증가게임에 알맞은 40인치대 인기…삼성·LG도 신제품 '격돌'



LG 올레드 TV로 축구게임을 즐기고 있는 모습. (LG전자 제공) 2021.11.29/뉴스1(서울=뉴스1) 문창석 기자 = 글로벌 경기침체로 가전·IT기기 소비가 줄어들고 있지만 '게임용 TV'는 '나홀로' 성장세를 보인 것으로 나타났다. 집에서 게임을 더욱 실감나게 즐기려는 수요가 증가했기 때문인데, 삼성·LG도 게임용 TV를 '블루오션'으로 보고 관련 제품을 속속 내놓고 있다.11일 시장조사업체 옴디아에 따르면 올해 3분기(7~9월) 출하된 유기발광다이오드(OLED) TV 중 40인치대 제품의 비중은 전년 동기 대비 3%포인트(p) 증가했다. 같은 기간 50인치대 제품의 비중은 4%p 감소한 것으로 조사됐다.TV 시청시 대형 화면을 선호하는 게 최근 트렌드인 점을 고려하면 큰 TV보다 작은 TV가 더 많이 팔렸다는 건 매우 이례적이다. 올해 상반기 기준 40인치대 OLED TV 시장 규모는 전년 동기 대비 81% 커졌을 정도로 성장세가 두드러졌다.40인치대 제품이 선전하면서 OLED TV 패널 시장도 커졌다. 3분기 TV용 OLED 패널 시장 규모는 전년 동기 대비 22% 성장했다. 그동안 OLED 패널 시장의 성장세를 이끌었던 모바일용 패널 시장이 스마트폰 소비 부진 여파로 같은 기간 4% 감소한 것과 대비된다.



'LG 올레드 에보'로 콘솔 게임을 즐기는 모습(LG전자 제공)최근 집에서 TV로 게임을 하는 수요가 늘어났기 때문이라는 해석이 많다. 고화질에 빠른 속도로 게임을 즐기고 싶은 콘솔·PC 게이머들이 컴퓨터 모니터 대신 성능이 더 좋은 OLED TV를 이용해 게임을 하기 시작했다는 것이다.게임을 할 땐 디스플레이를 최대한 가까이에서 봐야 실감이 난다. 하지만 기존의 커다란 TV를 가까이에서 보면 전체 화면이 한눈에 들어오지 않아 게임을 할 때 오히려 방해가 된다. 결국 모니터보다 고성능이면서도 게임을 하기에 적당한 크기인 40인치대 프리미엄 OLED TV가 각광을 받게 됐다는 것이다.시장 전망도 밝다. 옴디아에 따르면 전세계 40인치대(42·48인치) OLED TV 판매량은 지난해 95만대에서 올해 142만대로 늘어나 전체 OLED TV 매출 중 10%가 넘는 비중을 차지할 것으로 예상된다. 글로벌 경기침체 여파로 올해 전체 TV 판매량이 전년 대비 3% 감소할 것으로 전망되는 점을 고려하면 의미있는 성장세다. 내년에는 40인치대 OLED TV 판매량이 160만대까지 증가할 것으로 전망된다. 



지난 1월 미국 라스베이거스에서 열린 'CES 2022' 전시관에서 삼성전자 관계자가 TV로 게임을 시연하고 있다. ⓒ 뉴스1TV 업계도 이 같은 트렌드에 따라 단순히 게임 기능을 높인 TV에 그치지 않고, 게임에 초점을 맞춘 TV를 시장에 공급하고 있다.삼성전자는 올해 네오 QLED TV 라인업에 처음으로 43인치 제품을 포함했다. 지난해에는 가장 작은 모델이 50인치였지만 올해는 더욱 작게 만든 것이다. 삼성전자는 최근 별도의 콘솔 게임기가 없어도 스마트 TV와 모니터만 있으면 다양한 스트리밍 게임을 즐길 수 있는 '삼성 게이밍 허브' 서비스를 확대 개편하기도 했다.LG전자도 게임 상황에 맞춰 화면을 자유롭게 구부렸다 펼 수 있는 42인치 게이밍 TV '플렉스(FLEX)'를 지난 9월 공개한 바 있다. 처음에는 평면이지만 게임 상황에 맞춰 화면을 점점 안쪽으로 휘어지게 해 평소보다 더욱 몰입감을 느낄 수 있다. LG전자는 고객들이 40인치대 OLED TV로 게임을 체험할 수 있도록 서울·부산 등에서 '금성오락실'을 운영하는 등 마케팅도 강화하고 있다.업계 관계자는 ""소비자들의 반응을 직접 들어보면 한번 OLED TV로 게임하면 다시는 PC 모니터로 돌아가지 못한다고 할 정도로 관심이 많다""며 ""기존의 TV 시장이 정체된 상황에서 게임용 TV는 새로운 돌파구가 될 것""이라고 말했다.
		]"
"['역대급 불황' TV시장, 40인치대 게임용TV로 뚫는다]",https://n.news.naver.com/mnews/article/014/0004942950?sid=101,"[




LG전자의 42형 벤더블 올레드 TV플렉스. /LG전자 제공[파이낸셜뉴스] 글로벌 수요 감소로 침체기를 맞은 TV시장에 40인치대 유기발광다이오드(OLED) TV가 구세주로 떠오르고 있다.   TV는 '거거익선(크면 클수록 좋다)' 트렌드가 대세지만, 최근 선명한 화질로 게임을 즐기려는 게임용 수요가 늘고 있다는 분석이다. 삼성전자와 LG전자도 잇따라 신제품을 선보이며 TV시장 침체 극복을 모색하고 있다.     40인치 늘고 50인치 줄고  16일 시장조사업체 옴디아에 따르면 올해 3·4분기 출하된 OLED TV 중 40인치대 제품 비율은 20.3%로 전년 동기 대비 3%포인트 증가했다. 반면 이보다 큰 50인치대 제품 비중은 오히려 4%포인트 감소해 상반된 모습을 보였다. 통상 TV를 구매하려는 소비자들은 대형 화면을 선호하는 것이 트렌드인데 큰 TV보다 작은 TV가 많이 팔린 건 이례적이다. 올 상반기 기준 40인치대 OLED TV 시장 규모는 전년 동기 대비 81%나 급증할 정도로 성장세가 두드러졌다.   가전 업계에선 이 같은 현상을 게임용 수요 증가로 분석하고 있다.   가정용 주력 제품인 60~80인치대 TV 화면은 가까이 앉아 게임을 하기 어렵지만, 40인치는 가까이에서 플레이가 가능해 실감나게 즐길 수 있기 때문이다. 앞으로 시장 전망도 밝다. 옴디아에 따르면 전세게 40인치대 OLED TV 판매량은 지난해 95만대에서 올해 142만대로 늘어나 전체 OLED TV 매출 중 10%가 넘는 비중을 차지할 것으로 예측된다.   이는 최근 글로벌 수요 감소로 침체기를 맞고 있는 TV 시장과도 상반된다. 옴디아에 따르면 올 3·4분기 누적 글로벌 TV 시장 규모는 723억9000만달러로, 전년 동기 829억3000만달러에 비해 12.7% 줄었다. 판매량도 같은 기간 누적 1억4300만대를 기록해 전년 동기 대비 4.4% 줄었다. 게임용 OLED TV 성장세는 가전부문에 타격을 입은 삼성전자와 LG전자의 돌파구가 될 것으로 기대된다.    



43인치형을 새로 선보인 삼성전자 네오 QLED 4K TV. /삼성전자 제공  ""게임용 TV로 딱"" 라인업 확대  글로벌 TV시장 1위 삼성전자는 올해 프리미엄 TV 출하량이 전년 대비 6.6% 줄어 227만대를 기록했다. LG전자도 주력 라인업인 OLED TV가 기대만큼 힘을 쓰지 못하고 있다.   이에 삼성전자는 올해 올해 네오 QLED TV 라인업에 처음으로 43인치 제품을 포함시켰다. 가장 작은 모델이었던 50인치에서 더 작게 만든 것이다. 최근에는 별도 콘솔 게임기 없이도 스마트 TV와 모니터만으로 스트리밍 게임을 즐길 수 있는 '삼성 게이밍 허브' 서비스를 확대하며 게이머들의 니즈를 충족시켰다.   LG전자도 게이밍 모니터의 장점을 TV에 접목시킨 제품을 선보였다. 지난 9월 상황에 맞춰 화면을 자유롭게 구부렸다 펼 수 있는 42인치 게이밍 TV인 '플렉스'를 공개한 바 있다. TV는 평면으로 즐기고 게임은 커브드로 즐길 수 있어 몰입감을 더한다.   업계 관계자는 ""OLED TV가 화질이 선명한 만큼 게이머들의 선호도가 높지만, 대형 제품은 가격대가 높아 접근성이 떨어진다""며 ""제조사들도 LCD에 비해 OLED가 부가가치가 높은 만큼 라인업을 확대하는 것으로 보인다""고 말했다. #TV시장 #판매감소 #게이밍TV  
]"
"[가전, 게임을 하다]",https://n.news.naver.com/mnews/article/081/0003322975?sid=105,"[
게이밍 모니터 시장 年 8%씩 성장



삼성전자 게이밍 모니터 ‘오디세이 아크’를 사용하는 장면. 화면을 세로로 돌려 3분할해서 사용할 수 있다는 점이 장점으로 꼽힌다. 삼성전자 제공코로나19 팬데믹이 길어지면서 게임이 일상 깊숙이 들어오게 됐다. 바쁜 일상에 잠깐잠깐 짬을 내 즐기던 모바일 게임의 시대가 저물고, 푹신한 소파에 몸을 누이고 영화를 보듯 감상하는 PC·콘솔 게임이 대세로 자리잡고 있다. 최근 출시되는 대작 게임들의 높은 작품성을 그대로 즐기려는 사람이 늘어나면서 게이밍 모니터나 오디오 등에도 최신 기술이 요구되고 있다. 이에 삼성전자, LG전자 등 가전 업체들의 기술 경쟁 무대가 게이밍으로까지 확대됐다. 두 회사가 최근 세계 최대 가전·정보기술(IT) 전시회 ‘CES 2023’에서 다수의 게이밍 기기로 최고혁신상, 혁신상 등을 잇따라 받아 낸 것도 같은 맥락이다.6일 시장조사기관 국제데이터코퍼레이션(IDC)에 따르면 올해 말 기준 글로벌 게이밍 모니터 시장 규모는 약 63억 6000만 달러(약 8조 4270억원)에서 매년 약 8%씩 성장해 2026년엔 85억 4400만 달러(11조 3225억원)에 이를 것으로 전망된다.게이머들은 화려한 그래픽을 번짐이나 지연 없이 또렷하면서도 신속하게 처리할 수 있는 모니터를 원한다. 때문에 게이밍 모니터에서 해상도와 주사율, 응답 속도는 다른 모니터보다 중요한 요소로 여겨진다. 화질은 물론이고 사용자의 조작이 바로바로 모니터를 통해 확인이 돼야 하기 때문이다. 주사율이 낮은 모니터로 움직임이 많은 일인칭슈팅(FPS) 게임을 장시간 하면 두통이나 어지럼이 느껴지기도 한다.



유기발광다이오드(OLED) 디스플레이를 사용한 삼성전자 게이밍 모니터 ‘오디세이 올레드 G8’ 제품 사진.삼성전자 제공2019년부터 게이밍 모니터 시장 1위를 지키고 있는 삼성전자는 지난 ‘CES 2022’에서 ‘오디세이 아크’를 처음 선보였다. 이 제품은 55형에서 165헤르츠(㎐)의 주사율을 처음 구현했다. 165㎐라면 1초에 165장의 이미지를 보여 준다는 얘기다. 또 GTG(밝은 회색에서 어두운 회색으로 넘어가는 시간) 1㎳(0.001초)로 빠른 응답속도를 자랑한다.여기에 가장 몰입감이 높다고 하는 1000R(반지름 1000㎜ 원만큼 휜 정도) 곡률로 세로형 ‘콕핏 모드’도 제공한다. 높낮이 조절, 상하 각도 조절, 가로·세로 전환 등 인체공학적 디자인을 적용했으며 스크린을 최대 4개로 분할해 동시에 사용할 수 있는 ‘멀티 뷰’도 지원한다.화질 측면에서도 최고 수준을 자랑한다. 퀀텀 미니 발광다이오드(LED)를 광원으로 사용하며, 인공지능(AI) 기반 ‘AI 신경망’과 1만 6384단계로 밝기와 명암비를 제어할 수 있는 ‘콘트라스트 매핑’ 기술이 적용됐다. 100만대1 고정 명암비와 HDR10+를 지원해 더 선명하고 실감 나는 화면을 제공한다. 돌비 애트모스와 ‘사운드 돔 테크’를 적용해 음향에서도 압도적인 몰입감을 선보인다.



LG전자에 ‘CES 2023’ 최고혁신상을 안겨준 ‘올레드 플렉스’를 게임에 사용하는 모습. 화면을 구부려 게이밍 모니터로 사용했다가 펴서도 사용할 수 있는 점이 특징이다. LG전자 제공유기발광다이오드(OLED)TV의 ‘명가’ LG전자 역시 올레드 게이밍 모니터를 지난 9월 독일 베를린에서 열린 가전전시회 IFA 2022에서 선보였다. 자체 게이밍 기기 브랜드인 ‘울트라 기어’로 출시한 이 제품은 800R 곡률에 45형 21대9 화면비로 출시됐다. 울트라기어 게이밍 모니터는 압도적인 0.1㎳ 응답속도와 240㎐의 주사율을 지원해 역동적인 게임 화면을 잔상이나 끊김 없이 보여 준다.이번에 CES 최고혁신상을 거머쥔 ‘올레드 플렉스’는 게이머들의 목소리를 통해 탄생했다. LG전자 자체 수집 고객 데이터에 따르면 40형대 올레드TV를 사용하는 고객 중 70% 이상이 고선명도 멀티미디어 인터페이스(HDMI) 포트에 콘솔 게임기를 연결하고 있는 것으로 나타났다. 올레드로 고사양 게임을 즐기려는 수요가 예상보다 크다는 점을 확인한 LG전자는 게임할 때 화면을 구부려 최대 900R까지 휠 수 있도록 만들어진 제품을 탄생시켰다.



LG전자의 올레드 게이밍 모니터 ‘울트라 기어’의 모습.LG전자 제공LG전자는 주사율 120㎐ 이상 게이밍 모니터 시장에서 지난 2분기까지 누적 점유율을 계속해서 끌어올려 11.7%를 찍었다. 울트라기어 브랜드를 출범하기 이전인 2018년까지 게이밍 모니터 시장 점유율이 2.8%에 불과했던 점을 감안하면 폭발적인 성장이다. 게이밍 모니터 출하량 역시 2018년 13만 7000대에서 지난해 186만 7000대로 3년 만에 14배 이상 늘어났다. 올해도 상반기에만 90만대 이상 출하했다.삼성전자는 모니터 외에도 게이밍에 최적화된 고성능 솔리드 스테이트 드라이브(SSD)로 CES 혁신상을 획득했다. 기존 제품보다 월등하게 빨라진 읽기·쓰기 속도와 높은 전력 효율로 최신 게임 콘솔과 PC에서 로딩 시간을 단축시켜 더 쾌적한 게임을 즐길 수 있다.LG전자는 음질의 강자인 만큼 게이밍 스피커를 출시했다. 독자 개발한 3D 게이밍 사운드 기술이 적용돼 게임 중 나오는 다양한 소리의 방향과 크기가 분리돼 들린다. 헤드셋 장비 없이도 몰입도를 높여 주며, 내장 마이크로 음성 대화도 주고받을 수 있다.
		]"
[호러·어드벤처·루트슈터…K-게임 ‘장르 다변화’ 도전 계속된다],https://n.news.naver.com/mnews/article/018/0005381721?sid=105,"[
천편일률 MMORPG 벗어나 다양한 장르 시도크래프톤, 호러 장르 ‘칼리스토 프로토콜’ 도전출시 후 호불호 평가에도 ‘장르·플랫폼 변화’ 의미넥슨도 어드벤처·루트슈터로 다양성 가미 노력[이데일리 김정유 기자] ‘칼리스토 프로토콜’·‘데이브 더 다이브’·‘퍼스트 디센던트’. 최근 국내 게임사들이 내놓거나 개발 중인 신작들이다. 과거 천편일률적으로 MMORPG만 봇물을 이뤘던 국내 게임 시장에서 보기 드문 호러·어드벤처·루트슈터 장르다. 게임 이용자층의 확대를 꾀한 게임사들의 새로운 시도다. 장르 다변화 도전은 내년에도 국내 게임 업계의 주요 키워드가 될 전망이다.



메타크리틱의 ‘칼리스토 프로토콜’ 메타스코어. (사진=메타크리틱 사이트 캡쳐)‘칼리스토 프로토콜’ 메타 74점이지만…의미있는 도전6일 게임 평점 사이트 메타크리틱에 따르면 크래프톤이 산하 독립스튜디오 스트라이킹디스턴스(SDS)를 통해 지난 2일 출시한 ‘칼리스토 프로토콜’은 메타스코어 74점을 기록 중이다. 70점대는 호불호가 갈릴 수 있는 ‘보통’ 수준의 평가다. 전반적인 평가가 ‘호평’에 해당하는 점수는 75점부터이며 90점대부터는 수작으로 분류된다. 크래프톤의 ‘칼리스토 프로토콜’은 언리얼 엔진5를 사용해 고품질의 그래픽을 자랑한다. 특히 장르적인 측면에서 차별화를 지닌다. 이 게임은 서바이벌 호러 장르다. 공포스러운 분위기 속에서 게임 이용자는 생존하기 위해 괴물들을 뿌리쳐야 한다. 이 과정에서 잔인한 표현도 자주 나온다. 메타스코어는 다양한 게임웹진들의 평균 리뷰 점수다. 실제 해외 게임웹진 ‘데서토’는 “경이로운 그래픽 및 사운드 디자인이 끊임없는 공포와 두려움을 준다”며 “‘칼리스토 프로토콜’은 흥미진진한 새로운 프랜차이즈의 시작이자, 서바이벌 호러가 결코 죽지 않았다는 또 다른 신호”라고 호평하며 100점의 리뷰 점수를 줬다. 반면 또 다른 게임웹진 ‘IGN’는 “‘데드스페이스’ 시리즈의 정신적 후속작이지만, 궁극적으로 눈에 띄는 모방에 가깝다”며 다소 박한 70점을 줘 대조를 이뤘다.  전반적인 호평 일색은 아니지만 ‘칼리스토 프로토콜’은 크래프톤으로선 장르 다변화 차원에서 큰 의미가 있다. 산하 스튜디오를 통해 서바이벌 호러 장르에 첫 진출했고, 이를 통해 서구권에도 크래프톤의 이름을 알릴 수 있게 됐다. 출시 초기 PC 최적화 문제, 전투의 단순함 등으로 다소 낮은 평가가 나왔지만 후속 패치와 DLC 등으로 반등 가능성도 충분하다는 게 업계 평가다. 게임업계 한 관계자는 “국내 게임사 입장에서 돈만을 위한다면 기존에 해왔던 모바일 MMORPG 등만 만들면 되지만 크래트폰은 해외 스튜디오 인수를 통해 새로운 도전에 나서는 것이어서 의미가 있다”며 “과거 유명 게임들도 후속 패치 등으로 반전에 성공한 사례들이 있는 만큼 ‘칼리스토 프로토콜’도 가능성이 있다”고 말했다.



넥슨 민트로켓의 ‘데이브 더 다이브’. (사진=넥슨)어드벤처·루트슈터로 변화 시도하는 넥슨크래프톤뿐만 아니라 넥슨, 카카오게임즈 등 주요 국내 게임사들 역시 최근 장르 다변화에 나서고 있다. 특히 넥슨은 서브 브랜드 ‘민트로켓’을 통해 PC게임 플랫폼 ‘스팀’에 해양 어드벤처 게임 ‘데이브 더 다이브’를 출시했는데 상당히 호평 받고 있다. 기존 넥슨의 대형 게임들처럼 큰 홍보 마케팅도 없었지만 게임성과 장르적인 신선함으로 게임 이용자들에게 소위 ‘먹힌’ 게임이다.넥슨은 지난달 17일부터 20일까지 열린 국제게임전시회 ‘지스타 2022’에서 ‘데이브 더 다이브’를 전면에 배치해 큰 호응을 이끌었다. 스팀에서도 ‘압도적 긍정적’ 평가를 받고 있다. 2D 도트 기반 그래픽에 주인공은 배불뚝이 다이버인데, 심해를 오가며 물고기를 사냥하고 이를 이용해 스시집을 운영하는 참신한 발상이 특징이다. 해양 어드벤처라는 다소 생소한 장르가 ‘가벼운 재미’로 다가온 경우다. 넥슨은 내년 초 ‘데이브 더 다이브’를 콘솔(닌텐도 스위치)용으로도 출시할 예정이다. 또한 넥슨은 현재 ‘퍼스트 디센던트’라는 신작을 개발 중인데, 루트슈터 장르로 기대를 모으고 있다. 3인칭 슈팅에 RPG를 결합한 장르다. 과거 슈팅게임처럼 무조건 적을 죽이는데만 목적이 있는게 아닌, 다양한 역할수행과 아이템 파밍 등이 재미요소가 된다. 과거 비주류로 분류됐던 ‘서브컬쳐’ 장르의 도약도 주목할 부분이다. 지난해 카카오게임즈 ‘우마무스메’를 시작으로 시프트업 ‘니케’ 등이 연달아 성공하면서 서브컬쳐는 올 하반기 국내 게임시장에서 가장 ‘핫’한 분야가 됐다. 카카오게임즈는 최근 서브컬쳐 신작 ‘에버소울’의 글로벌 사전예약에 돌입하며 ‘우마무스메’에 이어 연타석 홈런을 기대하고 있다. 이같은 게임사들의 장르 다변화 시도는 내년에도 업계의 주요 키워드가 될 전망이다. 과거처럼 MMORPG만으로만 신규 수요를 창출하기엔 힘든 상황이어서, 장르 다변화로 게임 이용자 층을 확대하고자 하는 전략이다. 장르 다변화는 결국 플랫폼의 변화, 글로벌 시장 진출까지 이어질 수 있는 부분이어서 국내 게임사들의 도전이 계속될 것으로 보인다.
]"
[성장주 대세론에 게임株 반등 시작?...섣부른 접근 조심],https://n.news.naver.com/mnews/article/008/0004819825?sid=101,"[
			[내년 상반기 신작 모멘텀 부재…영업 환경 달라져]



양적 긴축 속도 조절에 대한 기대감이 커지면서 게임주(株)도 덩달아 뛰고 있다. 여기에 중국의 게임 규제 완화 기대까지 더해지고 있는 상황이다. 다만 금융투자업계 전문가들은 섣불리 투자하기에는 이르다고 조언한다. 내년 상반기까지 신작이 없는 데다 영업 환경도 바뀌어서다. 19일 한국거래소에 따르면 엔씨소프트의 지난 18일 종가는 45만1000원으로 한 달 전 대비 37.5% 뛰었다. 같은 기간 크래프톤은 28.13%, 펄어비스는 8.13% 상승했다. 국내 게임 업체들에 투자하는 'TIGER KRX게임K-뉴딜 ETF'의 1개월 수익률이 23.92%에 달하는 등 올해 부진했던 게임주들이 반등하는 모양새다. 게임주들이 반등하는 가장 큰 원인은 최근 미국을 중심으로 각 정부의 긴축 속도가 줄어들 것이라는 기대감이 커져서다. 10월 미국 CPI(소비자물가지수) 상승률은 7.7%로, 시장 예상치를 하회했다. 인플레이션이 잡히면서 중앙은행들이 긴축속도를 조절하고, 성장주가 다시 각광 받을 수 있다는 기대들이 나오고 있다. 또 최근 중국 공산당 기관지 인민일보 산하 인터넷매체 인민망이 '게임 산업 가치 발굴의 기회를 놓치지 말자'는 평론을 발표했다. 이에 중국이 게임 산업 규제를 완화할 수도 있다는 기대감이 형성됐다. 이같은 소식이 전해지자 룽투코리아는 이날 상한가를 기록, 전날 대비 1040원 오른 4520원에 거래를 마쳤다. 엠게임도 4.78% 상승했다. 다만 금융투자업계 전문가들은 게임주 전망을 보수적으로 보고 있다. 우선 내년 상반기 신작 모멘텀(상승동력)이 없는 상태다. 안재민 NH투자증권 연구원은 ""지난해 하반기 P2E(Play to Earn) 열풍이 불면서 게임회사들은 P2E 시장으로 전환을 고려했으나, 올해 게임 산업이 부진을 겪으면서 대부분 업체들이 다시 PC·모바일 게임으로 돌아왔다""며 ""그러나 이 과정에서 게임 업체들의 신작 준비가 늦어졌고, 내년 상반기 신작 모멘텀이 부재하다""고 말했다. 사업 환경도 달라졌다. 기존에 게임 업체들은 모바일 시장을 중심으로 성장했으나 모바일 게임 시장 성장률이 둔화되기 시작했다. 국내 모바일 게임 시장 성장률은 2020년 39.9%에서 지난해 9.5% 올해 11.4%로 하향세를 보이고 있다. 올해 기대작으로 꼽혔던 신작들은 대부분 장기 흥행에 실패했다. 강석오 신한투자증권 연구원은 ""올해 하반기 기대 신작들의 장기 흥행 실패가 이어지며 기업들의 실적 성장도 볼 수 없었다""며 ""신작 부진으로 인한 매출 성장 둔화, 개발자 연봉 상승으로 인한 인건비 부담까지 겹치며 올해는 게임 개발사들에게 가장 힘든 해가 됐다""고 분석했다. 강 연구원은 ""리오프닝으로 인해 하드코어 게임들의 성장 둔화가 부각됐고, 모바일 게임의 경우 사용자들의 이동이 나타났다""며 ""이젠 새로운 전략과 게임이 절실하다""고 강조했다. 이에 국내 게임 업체들은 새로운 시장인 PC·콘솔 플랫폼으로 진출을 꾀하고 있다. 국내보다는 콘솔 게임 시장이 큰 해외 사용자들을 타깃으로 성장하겠다는 전략이다. 국내 게임업체들의 콘솔 시장 진출이 성공할지는 미지수다. 콘솔 게임 시장의 성장성은 확실하지만, 이미 해외 게임사들이 시장을 선점하고 있는 상황이기 때문이다. 김소혜 한화투자증권 연구원은 ""콘솔 시장의 경우 이미 시장을 선점하고 있는 해외 게임사들의 점유율을 빼앗아와야 한다""며 ""또 콘솔 게임 하드웨어 그래픽 사양에 부합하는 게임을 개발하기 위해서는 개발비가 들고, 이로 인해 수익성이 하락할 수 있다는 점도 염두에 둬야 한다""고 조언했다. 따라서 내년에는 PC·콘솔 플랫폼에서 어떤 성과를 내느냐에 따라 게임주들의 희비가 갈릴 것이란 전망이다. 강 연구원은 ""PC·콘솔 게임의 수요가 다시 높아지는 가운데 여러 게임쇼에서 긍정적인 평가를 받으며 흥행 가능성을 높여가고 있는 'P의 거짓' 개발사 네오위즈를 최선호주로 제시한다""며 ""PC, 모바일, 콘솔 전 플랫폼으로 확장하고 있는 데브시스터즈도 최선호주다""라고 했다. 반면  김 연구원은 ""중소 게임사의 경우 당장 콘솔로 전략을 선회해 개발비, 마케팅비 등 신규 시장 진출에 따른 학습비용을 감당하기에는 무리가 있다""며 ""엔씨소프트와 크래프톤은 변화하는 환경 속에서도 여전히 후속작을 출시할 여력이 있다는 점에서 주목해야 한다""고 말했다. 
]"
"[글로벌 TV시장, 수요 한파 속 외로운 ‘바겐세일’]",https://n.news.naver.com/mnews/article/018/0005375228?sid=101,"[
시장 전년比 12.7% 위축…경기 침체 직격탄북미'블랙프라이데이'부터 박싱데이까지 성수기내년 초까지 스포츠 이벤트…해외 공략 활발반등 꿈꾸지만…""내년까지 수요 위축 가능성""[이데일리 이다원 기자] 유례없는 수요 한파 속에서 성수기를 맞은 TV 시장이 ‘역대급’ 바겐세일을 펼치고 있다.



25일(현지시간) 남아프리카공화국 케이프타운의 카날 워크 몰에 있는 한 상점에서 한 쇼핑객이 블랙 프라이데이 쇼핑 중 카트에 담긴 새 텔레비전을 밀고 있다.(사진=로이터)25일 옴디아에 따르면 올해 1~3분기 누적 TV 시장 규모는 전년 대비 12.7% 축소한 723억900만달러(약 95조8800억원) 수준으로 점쳐진다. 누적 출하량 역시 전년 동기 대비 4.4%(650만8400대) 줄어든 1억4300만대를 기록했다.전 세계를 덮친 경기 침체와 인플레이션(물가 상승)이 직격탄을 날렸다. 이에 TV 기업들은 성수기 수요를 잡기 위한 파격 할인에 나서고 있다.특히 북미 지역을 핵심 수요처로 꼽고 유통 업체와 손잡고 대규모 할인 행사를 벌이는 분위기다. 미국 최대 쇼핑 시즌인 ‘블랙프라이데이’(현지 시간 25일)에 이어 내달 크리스마스 직후인 박싱데이(Boxing Day)에도 가전 수요가 늘어날 것이란 예측이 나오면서다. 또한 이달 월드컵에 이어 내년 초 미국 슈퍼볼까지 다양한 스포츠 행사도 예고돼 있어, TV 교체 수요가 이어질 전망이다.글로벌 시장조사업체 DSCC는 블랙프라이데이를 앞두고 북미 지역 TV 가격이 사상 최저치를 기록하고 있다고 설명했다. DSCC가 북미 지역에서 진행 중인 블랙 프라이데이 행사 가격을 비교한 결과 삼성전자와 LG전자를 비롯해 TCL, 하이센스 등 중국 기업까지 TV 가격을 역대 최저 수준으로 매겼다. 월마트, 베스트바이(Bestbuy) 등 소매 유통처를 통해 판매하는 가격이다.특히 대형·프리미엄 TV의 할인율이 높았다. 중국 TCL의 경우 55인치 QLED TV를 199달러(약 26만3500원)에 판매했다. 통상 450달러(약 60만원) 수준이던 프리미엄 제품인 점을 감안하면 할인 폭이 매우 크다.



삼성전자 네오 QLED 8K TV. (사진=삼성전자)삼성전자와 LG전자, 소니 등의 프리미엄 OLED(유기발광다이오드) TV 역시 낮은 가격에 판매 중이다. DSCC는 베스트바이를 통해 LG의 48인치 OLED TV를 500달러 대에 구매할 수 있고, 프리미엄 TV 중에서도 가장 가격대가 높은 수준인 삼성의 미니LED TV도 2600~3300달러(65~75인치 기준) 수준이라고 짚었다.TV 제조기업 역시 블랙프라이데이를 맞아 판촉 행사에 몰두하고 있다. 삼성전자는 블랙프라이데이를 앞두고 미국 코미디언 코난 오브라이언과 함께한 스마트TV 홍보 영상을 공개했다. 게임 콘솔기기 엑스박스(X-Box)와 협업해 올해 말까지 네오 QLED·OLED TV 구매 시 엑스박스 게임 패스와 컨트롤러 등을 무상 제공하는 이벤트도 벌인다.LG전자는 미국 홈페이지를 통해 기존 대비 300~1700달러 낮은 가격에 올레드 TV를 판매하고 있다. QNED 미니LED 8K 모델 역시 최초 출하가 대비 판매 가격을 40% 가까이 내렸다.국내 시장에서도 할인 행사가 진행 중이다. 삼성전자와 LG전자는 공식 온라인 몰을 통해 다양한 판촉 행사를 벌이고 있다. 삼성전자는 삼성닷컴을 통해 네오 QLED TV 등을 저렴하게 구매할 수 있는 ‘삼성위크’ 행사를 이달 말까지 진행한다. LG전자도 이달 30일까지 ‘올레드 빅토리 코리아 대축제’를 열고 올레드 TV를 구매할 경우 큰 폭의 할인과 축구공 등 경품을 제공하고 있다.



LG전자 올레드 TV. (사진=LG전자)할인 행사가 이어지는 만큼 침체한 수요가 늘어날 것인지에 관심이 쏠린다. 연말에 연간 TV 출하량 30% 이상이 판매되는 점을 고려했을 때 매출 성장도 노려볼 수 있단 것이다.하지만 올해 연말까지 이어진 수요 침체가 내년까지 영향을 미칠 것이란 전망이 나오면서 매출 반등이 가능할 것인지는 미지수다. 올해 연간 TV 예상 출하량은 지난해보다 4.1% 줄어든 2억479만대로 최근 10년래 최저 수준을 기록할 전망이다.김동원 KB증권 연구원은 “올해 글로벌 TV 시장이 10년만에 역성장한데 이어 2023년에도 감소할 것으로 예상한다”며 “특히 OLED TV의 경우 수요 비중이 높은 유럽의 에너지 요금 급등에 따른 실질 소비력 감소로 최종 수요 둔화까지 이어질 가능성이 높다”고 내다봤다.
]"
"[경기침체에 강하던 게임산업, 올해는 왜 뒷걸음질 칠까?]",https://n.news.naver.com/mnews/article/469/0000709373?sid=105,"[
침체에도 고용이 좋아 게임할 여유 부족코로나 '집콕' 효과 사라져 역성장 유력



지난 5일(현지시간) 미국 캘리포니아 샌프란시스코 체이스센터에서 리그오브레전드 월드 챔피언십 결승전이 열리고 있는 가운데, 무대 위 전광판에 우승 트로피 '소환사의 컵'이 표출되고 있다. 올해 소환사의 컵 케이스는 미국 주얼리 브랜드 티파니앤코가 만들었다. 샌프란시스코=이서희 특파원게임은 원래 경기 침체 때 더 힘을 발휘하는 산업이었다. 지갑이 얇아지고 가처분소득이 줄면, 여행을 가거나 영화를 보거나 외식을 하는 것보다는 비용이 싼 게임으로 여가를 보내는 수요가 늘기 때문이다.그러나 경기 침체의 신호가 확연한 지금, 게임시장에선 뭔가 다른 상황이 전개되고 있다. 경기는 확실히 침체로 가는 게 맞는데, 고용시장이 여전히 견고해 사람들이 게임에 시간을 쏟지 않고 있는 것이다. 그리고 게임산업은 신종 코로나바이러스 감염증(코로나19)이 확산한 지난 2년 간 '집콕' 수혜를 톡톡히 봤던 산업이라, 팬데믹 영향력이 사라진 올해 전 세계 게임 시장 규모는 지난해보다 줄어들 수밖에 없을 것이란 전망이 나온다. 22일(현지시간) 게임시장 조사업체 뉴주(Newzoo)에 따르면, 올해 전 세계 소비자들이 게임에 쓰는 금액은 1,844억 달러(약 244조8,830억 원)로, 지난해보다 4.3% 감소할 것으로 전망된다. 월스트리트저널(WSJ)은 ""게임시장은 2020년에 전년 대비 21%, 지난해에 7.6% 성장했다""며 ""전체 시장 규모가 쪼그라드는 건 뉴주가 집계를 시작한 2012년 이후 처음""이라고 했다.글로벌 게임업체 실적에는 이미 이런 경향이 나타나고 있다. 콘솔 게임기와 컴퓨터용 그래픽 카드를 설계하는 비메모리 반도체 업체 엔비디아는 16일 3분기 매출이 59억3,000만 달러로 전년 대비 17% 감소했다고 발표했다. 그래픽 카드 등 게임 분야 매출이 51%나 쪼그라든 탓이 컸다. 스타크래프트, 오버워치 등으로 유명한 미국 게임사 액티비전 블리자드는 3분기 월 활성 이용자가 6% 줄었다고 했다. 중국의 '게임 공룡' 텐센트도 올해 2분기에 2004년 상장 후 처음으로 전년 대비 매출이 감소한 데 이어, 3분기에도 매출이 2% 줄었다. 다만 이같은 흐름이 내년까진 이어지진 않을 것이란 예측이 많다. 시장 규모와는 반대로 전체 게임 이용자 수는 증가세가 꺾이지 않을 것으로 보이고, 팬데믹 여파로 중단되거나 늦춰졌던 대형 신작 개발에 속도가 붙고 있기 때문이다.
]"
[[윤선영의 겜성월드] P2E·대형신작 장전완료… 이젠 글로벌로],https://n.news.naver.com/mnews/article/029/0002798337?sid=105,"[
콘텐츠 수출액 70% 게임… P2E 수요 확인국내시장 성장률 하락세에 북미·유럽 공략넷마블, 메타버스 기반 '모두의마블2' 출시넥슨, 카트라이더 등 인기작 콘솔 확장 진행국내 주요 게임사들이 글로벌 시장 문을 두드리고 있다. 국내에서는 꽉 막힌 P2E 게임(Play To Earn·돈 버는 게임)을 글로벌 시장에서 서비스하고 플랫폼 영역 역시 모바일에 이어 PC·콘솔로 확장하며 활동 무대를 넓히는 모습이다.이들 게임사들이 글로벌 시장을 정조준하는 이유는 국내 시장만으로는 성장에 한계가 있다는 판단 때문이다.최근 국내 게임 시장 규모와 전망은 둔화세가 뚜렷하다. 한국콘텐츠진흥원이 올초 발간한 '2022 대한민국 게임백서'를 보면 국내 게임 시장은 2020년 21.3%, 2021년 11.2%의 성장률을 기록했다. 그러나 2022년에는 8.5%, 2023년에는 5.9%, 2024년에는 7.2%의 성장률을 기록할 것으로 관측된다. 이는 국내 게임사들이 새 먹거리로 P2E 게임을 찾고 북미·유럽 등 글로벌 시장으로 진출하는 배경이 됐다.



국내 주요 게임사들이 P2E 게임과 콘솔 신작으로 글로벌 시장의 문을 두드리고 있다. 픽사베이 제공    ◇국내에서 막힌 P2E 게임 글로벌로 들고 간다국내 게임사들이 글로벌 시장 진출의 방식으로 P2E를 택한 가장 큰 이유는 국내에서는 관련 서비스가 불가능한 탓이다. 현행법은 '경품 등을 제공해 사행성을 조장하는 것'을 엄격히 금지하고 있다. 다만 미래 성장 동력이 절실한 상황에서 글로벌 P2E 게임 수요가 확인되자 관련 장르로 진출을 모색하는 것으로 읽힌다. 실제 위메이드가 2021년 선보인 '미르4' 글로벌은 동시 접속자 수 130만명이라는 기록을 세웠으며 올해 1월 출시한 '미르M' 글로벌도 첫날 동시 접속자 수 7만명대를 찍은 이후 지난 3월 20만명대를 돌파했다.



'미르M' 글로벌. 위메이드 제공    



넷마블이 메타버스 기반 부동산 보드 게임 '모두의마블2: 메타월드'를 글로벌 시장에 출시했다. 넷마블 제공    위메이드의 성공으로 관련 시장의 가능성을 엿 본 국내 게임사들은 앞다퉈 P2E 게임을 선보이고 있다. 넷마블은 지난달 메타버스 기반 부동산 보드 게임 '모두의마블2: 메타월드'를 한국 등 일부 국가를 제외한 글로벌 시장에 출시했다. 이는 2억명이 즐긴 캐주얼 보드게임 '모두의마블'의 후속작으로 넷마블 블록체인 전문 자회사 마브렉스(MARBLEX)의 MBX 생태계에서 운영된다. 이용자들은 보드 게임을 플레이하거나 메타월드 내에서 가상 부동산을 보유함으로써 메타캐시를 획득하고 이를 '이네트리움(ITU)'으로 교환할 수 있다.◇위메이드, 나이트 크로우에 블록체인 입혀 세계로위메이드는 '미르4'와 '미르M: 뱅가드 앤 배가본드'를 글로벌 지역에서 P2E 게임으로 서비스하고 있다. 여기에 최근 국내 시장에 내놓은 MMORPG(대규모다중접속역할수행게임) '나이트 크로우'도 블록체인 기술을 입혀 연내 글로벌 시장에 출시한다는 계획이다. '미르4'와 '미르M'의 글로벌 성적을 보면 '나이트 크로우'의 글로벌 버전은 더 큰 성과를 거둘 것이라는 게 회사 측의 기대다. 위메이드 자회사인 위메이드플레이는 지난 3월 첫 블록체인 게임 '애니팡 매치'를 선보인 데 이어 '애니팡 블라스트', '애니팡 코인즈' 등의 글로벌 출시를 준비 중이다.



'미니게임천국'. 컴투스 제공    컴투스는 스포츠 게임 '낚시의 신: 크루'와 캐주얼 게임 '미니게임천국'을 P2E 게임으로 2분기 내 글로벌 시장에 내놓는다. 현재 두 게임은 모두 사전 예약을 진행하고 있다. '낚시의 신: 크루'와 '미니게임천국'은 각각 누적 다운로드 6000만건, 1900만건 이상을 기록한 IP(지식재산권)에 기반한다. 이 밖에도 컴투스는 올해 2분기 방치형 RPG '사신키우기', 올해 3분기 턴제 RPG '크리쳐', 내년 상반기 스포츠 게임 '골프스타 챔피언십'의 글로벌 출시를 앞뒀다.



'카트라이더: 드리프트'. 넥슨 제공    ◇넥슨·엔씨, 대형 신작과 검증된 게임으로 수출길 P2E 게임이 아닌 대형 기대 신작과 이미 국내에서 성공을 거둔 게임을 토대로 글로벌 공략에 나선 게임사들도 있다.넥슨은 글로벌 진출을 목표로 콘솔 게임으로의 확장을 적극적으로 진행 중이다. 대표적인 게 '카트라이더: 드리프트'다. 이는 PC·모바일·콘솔 세 가지 플랫폼에서 플레이가 가능한 넥슨의 첫 콘솔 멀티플랫폼 도전작으로 한국을 포함한 일본, 북미 등 글로벌 지역(중국·베트남·러시아 제외)에서 서비스가 이뤄지고 있다. 넥슨은 또 지난달에는 PC·콘솔용 대전 격투 게임 'DNF 듀얼'을 닌텐도 스위치판으로 출시했으며 조만간 '데이브 더 다이버'도 콘솔로 선보일 예정이다. PC 슈팅 게임 '베일드 엑스퍼트', FPS 게임 '더 파이널스', 루트슈터 '퍼스트 디센던트' 등도 모두 글로벌 진출을 목표로 한다.



'TL'. 엔씨소프트 제공    엔씨소프트는 연내 PC·콘솔 신작 'TL(THRONE AND LIBERTY·쓰론 앤 리버티)'로 국내를 포함한 글로벌 시장에서 이용자들을 만날 계획이다. 차세대 MMORPG를 표방한 'TL'은 콘솔 플랫폼까지 확장하는 만큼 북미·유럽에서 영향력을 확대할 것으로 기대된다. 이미 엔씨소프트는 아마존게임즈와 'TL'의 글로벌 퍼블리싱(유통) 계약을 체결했다.◇게임, 콘텐츠 수출의 70% 차지하는 효자산업미래 사업 비전으로 '비욘드 코리아'를 선포한 카카오게임즈는 국내에서 경쟁력을 입증한 IP로 글로벌 시장에 침투한다. '오딘: 발할라 라이징'을 국내와 대만에서 성공적으로 출시한 경험을 바탕으로 이번에는 일본 시장을 공략하겠다는 것. 지난달 28일 도쿄에서 현지 쇼케이스를 열고 사전등록을 시작하는 한편 일본 인기 성우의 녹음 참여, 현지 유명 IP와의 콜라보레이션 등 다양한 현지화 작업을 예고했다. '오딘: 발할라 라이징'의 일본 정식 출시는 다음 달 중 이뤄진다. 이를 시작으로 카카오게임즈는 올해 비욘드 코리아 비전을 단계적으로 전개한다는 방침이다.



게임사들은 국내 시장 공략과 함께 글로벌 진출을 토대로 성장을 꾀한다는 구상이다. 현재 국내 게임사들의 올해 1분기 실적은 암울하다. 인건비 증가, 신작 흥행 부진 등으로 넥슨을 제외하면 대부분 좋지 않은 성적을 거둘 것으로 예상된다. 넥슨은 '피파온라인4', '메이플스토리' 등 기존작에 더해 '던전앤파이터 모바일', '히트2', '블루 아카이브' 등 지난해부터 선보인 신작들이 좋은 성과를 내며 호실적을 기록할 것으로 점쳐진다. 반면 다른 게임사들은 실적이 주춤할 것으로 보인다.게임은 예전부터 수출 효자 콘텐츠로 역할을 해 왔다. K-콘텐츠 수출액 중 게임산업은 전체의 69.6%를 차지할 정도다. 게임산업 수출액은 2017년부터 2021년까지 연평균 10% 증가해 2021년 86억7000만 달러를 넘어섰다. 본격적으로 글로벌 시장 공략에 나선 게임사들이 '기생충', '오징어게임', 'BTS(방탄소년단)' 등에 이어 다시 한번 세계를 뒤흔드는 성공사례를 만들어낼 지 주목된다. dt.co.k



카카오게임즈가 다음 달 중 '오딘: 발할라 라이징'을 일본 시장에 출시한다. 카카오게임즈 제공    
]"
[KG모빌리티 '토레스 열풍'…SUV명가의 새로운 아이콘 됐다],https://n.news.naver.com/mnews/article/003/0011819239?sid=101,"[
기사내용 요약일상·여행 수요 모두 충족역대 최다 판매 기록 경신KG그룹 인수 뒤 도약 발판전기·픽업 모델도 출시 예정



[사진=뉴시스] KG모빌리티(옛 쌍용차)가 지난달 선보인 토레스 TX 모델. 토레스 T7 모델을 기반으로 20인치 단조 휠과 각진 형태의 휠 아치 등으로 역동적인 정통 SUV 느낌을 강조한 것이 특징이다. (사진=KG모빌리티 제공) 2023.04.21 photo@newsis.com *재판매 및 DB 금지[서울=뉴시스]유희석 기자 = KG모빌리티(옛 쌍용차)의 '토레스 열풍'이 이어지고 있다. 국내 스포츠실용차(SUV) 시장의 '게임체인저' 역할은 물론 정통 SUV 명가 KG모빌리티의 새로운 아이콘으로 자리 잡았다. 토레스의 강점은 KG모빌리티 고유의 헤리티지인 정통 스포츠실용차(SUV) 스타일을 현대적으로 재해석한 디자인은 물론 준중형과 중형 SUV를 넘나드는 차급으로 직장생활과 야외활동을 고루 즐기는 소비자들의 전폭적인 지지를 받고 있다.KG모빌리티는 토레스 판매 증가세에 힘입어 지난달 내수와 수출 판매량이 전년 동월 대비 59.1% 증가한 1만3679대를 기록했다. 이는 지난 2018년 12월(1만4465대) 이후 51개월 만의 월 최대 판매 실적이다.특히 토레스는 지난달에만 6595대가 판매되면서, KG모빌리티 역대 단일 모델 월 최대 판매였던 자신의 지난 1월 기록을 두 달 만에 경신했다. 토레스의 출시 후 지난달까지 누적 판매 대수는 3만9336대로 4만대에 육박했다. 



[사진=뉴시스] KG모빌리티의 SUV 모델인 토레스의 하이브리드 액화석유가스(LPG) 모델의 LPG 도넛탱크. (사진=KG모빌리티 제공) 2023.04.21 photo@newsis.com *재판매 및 DB 금지KG모빌리티의 '미래'로 자리매김토레스는 지난해 출시된 T5·T7 모델과 올해 출시된 하이브리드 액화석유가스(LPG)와 TX 모델 그리고 미래형 전동 SUV 플랫폼인 토레스 EVX와 토레스 EVX 기반의 픽업트럭 모델인 O100에 이르기까지 현존하는 다양한 최첨단 기술을 응축하며 KG모빌리티가 새롭게 도약할 수 있는 발판을 만들어 나가고 있다.지난 1월 출시된 토레스 하이브리드 LPG 모델은 LPG 연료만을 사용하는 경쟁 모델과 달리 가솔린과 LPG 연료를 병용해서 사용하는 바이 퓨얼(Bi-Fuel) 방식을 적용해 가솔린 대비 연료비가 30% 이상 저렴하다. 또한 토레스의 우수한 정숙성을 자랑하는 친환경 1.5ℓ GDI 터보 가솔린 엔진(e-XGDi150T)의 최고 출력(170마력)과 최대토크(28.6kg·m)의 95% 이상 강력한 성능(165마력)을 발휘한다.토레스 LPG는 주행 시 LPG 연료를 모두 사용하면 휘발유 모드로 자동 전환돼 충전소를 찾아다니는 번거로움도 덜 수 있다. 가솔린(50ℓ)과 LPG(58ℓ) 연료탱크를 완충하면 최대 1000km 이상 주행할 수 있으며, 시동 시 휘발유를 사용해 겨울철 영하 날씨에도 시동으로 인한 불편이 없다. 토레스 하이브리드 LPG 모델은 커스터마이징 사양으로 운영되며, 판매가격은 ▲TL5 3130만원 ▲TL7 3410만원이다. 구매 방법은 영업소에서 토레스 구매 시 하이브리드 LPG시스템 사양을 추가하면 LPG 시스템 장착 및 구조변경 신고 후 고객에게 인도된다. KG모빌리티가 지난달 선보인 토레스 TX는 토레스 T7 모델을 기반으로 20인치 단조 휠과 각진 형태의 휠 아치 그리고 가니쉬 등 전용 아이템을 통해 보다 역동적인 정통 SUV 스타일을 구현한 모델이다. 특히 토레스 TX는 루프 플랫 캐리어를 적용해 사용자가 용도에 따라 자전거와 스포츠 장비 등을 적재할 수 있도록 했으며, 측면은 사이드 스토리지 박스와 루프 클라이밍 핸들을 적용해 편리성을 더했다. 실내 러기지 공간에는 휴대용 멀티 에어 컴프레셔와 아웃도어 워터 탱크를 설치해 캠핑과 아웃도어 활동에 청결 및 편리성을 제공한다. 토레스 TX의 판매 가격은 3524만원으로 책정됐다. 기존 토레스 T5 트림은 LED 안개등 및 러기지 보드&amp;트레이 등을, T7 트림은 인텔리전트 어댑티브 크루즈 컨트롤(IACC) 등을 기본 사양으로 추가 구성해 각각 2830만원과 3150만원이다. 



[사진=뉴시스] KG모빌리티가 올해 하반기에 출시할 예정인 SUV 토레스 전동화 모델인 '토레스 EVX'. (사진=KG모빌리티 제공) 2023.04.21 photo@newsis.com *재판매 및 DB 금지새로운 모빌리티 비점 담은 토레스 EVX올 하반기에 출시될 전기 SUV 모델인 토레스 EVX에는 KG모빌리티가 꿈꾸고 있는 새로운 모빌리티 시대의 비전이 담겨 있다. KG모빌리티 관계자는 ""토레스 EVX는 KG모빌리티가 사명 변경 후 세상에 공개하는 첫 번째 전동화 모델로, 'SUV 명가'의 본질적인 기술력과 장인 정신, 그리고 미래 지향적인 시스템과 디자인이 한데 어우러진 모델이다""고 강조했다. 토레스 EVX는 토레스 플랫폼을 활용해 구조적 강인함에 EV 감성을 더한 전동화 모델이다. 디자인 철학인 '파워 바이 터프니스(Powered by Toughness)'를 바탕으로 미래 지향적인 스타일과 오프로드 콘셉트를 결합한 국내 유일무이한 중형급 정통 전기 SUV가 될 전망이다. 토레스 EVX의 전면부 디자인은 힘 있고 간결한 라인의 조형미와 강인하고 디테일한 수평형의 LED 주간주행등(DRL) 키네틱 라이팅 블록을 통해 KG모빌리티가 만들어 갈 전기차의 아이덴티티를 표현했다. 오프로더의 강인함을 형상화한 프런트 범퍼의 토잉 커버와 후면부의 리어 콤비램프는 각각 태극기의 건곤감리 중 해와 불을 상징하는 '리'와 땅을 의미하는 '곤'의 문양을 형상화했다. 인테리어는 토레스에 적용한 '슬림&amp;와이드'의 인체 공학적 설계로 운전자의 편의성과 공간감을 극대화했으며, 디지털 클러스터에서 내비게이션을 연결한 전면의 12.3인치 파노라마형 듀얼 디스플레이는 다양한 정보 제공과 함께 운전자의 시인성을 개선했다. 우드 패턴의 센터 가니쉬와 좌우로 길게 뻗은 에어 벤트는 대시보드(인판넬)와 일체감 있는 디자인으로 실내 공간을 더욱 넓게 확장해주며, 무선 충전 기능이 탑재된 플로팅 타입의 콘솔은 디자인뿐만 아니라 다양한 용도로 수납할 수 있게 설계해 편리성까지 더했다.토레스 EVX는 중형급 전기 SUV로 넓고 뛰어난 공간 활용성을 갖춰 캠핑 및 차박 등 아웃도어 활동에 용이할 뿐만 아니라 높은 지상고로 전동화 모델에서 경험하지 못했던 오프로드 성능 등 꿈꾸고 열망하던 가슴 뛰는 모험의 여정에 함께할 수 있다.또한 안전성까지 대폭 강화해 최근 글로벌 브랜드에서 확대 적용하고 있는 리튬 인산철 배터리를 사용해 안전성을 높였을 뿐만 아니라 외부 충격에 강해 화재 위험성은 대폭 낮추고 내구성은 높였다. 이와 더불어 최적화된 설계로 일상적인 생활에 충분한 주행이 가능한 1회 충전 약 500km(WLTP 기준) 주행이 가능할 것으로 예상되며, 국내 기준으로는 420km 이상 달릴 수 있을 것으로 예상된다. 가격은 지역별 전기차 보조금에 따라 3000만원대로 살 수 있는 수준이 될 전망이다. 



[서울=뉴시스] KG모빌리티가 토레스 EVX 기반으로 만든 전기 픽업트럭 콘셉트카인 'O100'. (사진=KG모빌리티 제공) 2023.04.21 photo@newsis.com *재판매 및 DB 금지EVX 기반 픽업트럭 신차도 준비KG모빌리티는 지난달 개최된 '2023 서울모빌리티쇼'를 통해 토레스 EVX 기반의 새로운 전기 픽업트럭 콘셉트카인 'O100'도 선보였다. O100은 기존 도심형 SUV들과는 차별화된 터프하면서도 혁신적인 디자인 요소들을 가지고 있다. 프런트의 키네틱 라이팅 블록과 그릴의 형상은 디지털 이미지를 강인하게 전달할 수 있도록 불을 밝힌 성벽의 이미지를 형상화하였고, 후드의 브라켓은 사용자의 필요에 따라 다양하게 활용될 수 있도록 디자인했다. 돌출된 클래딩과 가니쉬는 보디를 보호함과 동시에 각각의 기능들을 가지고 있으며 버클 형태의 사이드 리피터는 하체와 보디를 단단히 연결하는 느낌을 주고 있다. 데크는 가로 바와 슬라이딩 커버를 통해 사용성을 극대화했고 루프 바스켓과 연동해 사용할 수 있도록 디자인됐다. 데크 트림의 라이팅 블록은 아웃도어 라이프에서 O100의 활용성을 극대화했다. 데크 바닥에 설치된 밀폐된 보관함과 보관함 커버에 각종 장비와 V2L 커넥터를 탑재하여 야외활동에서 전기장비의 다양한 활용성을 제공하는 등 토레스의 DNA를 보다 미래지향적이고 혁신적으로 해석하며 사용자의 편의성을 높일 수 있는 새로운 모델 출시를 위해 노력해 나가고 있다.KG모빌리티 관계자는 ""KG모빌리티는 토레스의 정통 헤리티지에 기반해 'SUV 명가'의 자부심과 미래 모빌리티 종합 기업으로 거듭나겠다는 의지를 집약해 다양한 신차를 개발하고 있다""며 ""토레스를 통해 앞으로 대한민국 모빌리티 시장에서 변화의 물결이 가속화될 수 있도록 지속적인 혁신을 이어 나가겠다""고 말했다.
]"
"[[현장] 'SK 식구' 솔리다임, 'P44 프로'로 게임용 SSD 시장 흔들까]",https://n.news.naver.com/mnews/article/031/0000704323?sid=105,"[
소니 'PS5' 뜨자 고성능 게임용 SSD 수요 ↑…SK하이닉스 'P41'과 겹쳐 韓 출시 제외""P44 프로는 우수한 전력 효율성이 특징으로, 과도한 발열로 인한 스로틀링(적정 온도를 되찾을 때까지 동작 클럭을 낮추는 기능)을 억제합니다. 게이머들이 성능을 시험해 보면 아주 만족스러워 할 것으로 확신합니다.""산제이 탈레자 솔리다임 클라이언트 제품 솔루션 그룹 총책임자는 20일 서울 강남구 오크우드프리미어 코엑스센터에서 온라인 기자 간담회에 참석해 이번에 새롭게 선보인 'P44 프로'의 성능에 대해 이처럼 자신했다.탈레자 총책임자는 ""SSD P44 프로는 지금까지 출시된 자사 SSD(솔리드스테이트드라이브) 제품 중 가장 강력할 뿐 아니라 향후 시장에서 최고 수준의 마니아급 제품으로 자리잡을 것""이라며 ""게임 마니아들과 콘텐츠 크리에이터들이 바라는 빠른 실행, 로딩, 빠른 저장 속도를 제공할 것""이라고 설명했다.



솔리다임이 20일 서울 강남구 오크우드프리미어 코엑스센터에서 온라인 기자 간담회를 진행했다. [사진=장유미 기자]SK하이닉스의 자회사 솔리다임이 이번에 선보인 'P44 프로'는 초당 최대 7천㎆의 순차 읽기 속도를 구현하며 4세대 'PCI 익스프레스(PCIe·PCI Express)'를 기반으로 한다. 전력 소비량은 5.3W에 그친다. 512GB와 1·2TB의 용량으로 제공되며 가격은 각각 79.99달러, 129.99달러, 234.99달러다.솔리다임은 '솔리다임 시너지 소프트웨어'도 함께 제공한다. 데이터를 처리하는 중앙처리장치(CPU)와 데이터를 저장하는 SSD 사이의 데이터 전송 속도를 개선하고 SSD의 성능을 최적화할 것으로 기대된다. 솔리다임 시너지 소프트웨어는 홈페이지에서 무료로 다운로드할 수 있다.



솔리다임이 20일 서울 강남구 오크우드프리미어 코엑스센터에서 온라인 기자 간담회를 진행했다. [사진=장유미 기자]솔리다임은 이달 말부터 P44 프로의 판매에 돌입한다. 미국 메인기어와 협력해 게이밍 PC에 P44 프로를 탑재, 고성능을 입증하고 소비자용 SSD 시장을 공략할 계획이다.다만 국내 시장에선 P44 프로를 출시하지 않는다는 방침이다. 모회사인 SK하이닉스가 이미 지난 5월 출시한 'P41'와 타깃층이 겹치기 때문이다. 또 제품 성능 역시 'P41'과 거의 같다.SK하이닉스가 선보인 'P41'은 하드코어 게이머, 개발 전문가, 창작자를 위한 고성능 제품으로, 솔리다임 'P44 프로'와 동일하게 176단 낸드가 사용됐다. 또 D램과 컨트롤러 등 자체 설계 및 생산한 핵심 부품을 썼고, SK하이닉스 독자 기술인 '하이퍼라이트 테크놀로지'가 적용돼 업계 최고 수준의 전력효율을 낸다.탈레자 총책임자는 ""P44 프로는 SK하이닉스가 내놓은 P41과 하드웨어가 같고, 동일한 SoC(시스템온칩)를 기반으로 한다""며 ""펌웨어와 소프트웨어가 무료로 제공된다는 점에선 차이가 있지만, 한국 시장에선 P41 브랜드를 강화하는 것이 우선이라고 생각해 P44 프로를 론칭하지 않기로 했다""고 말했다.업계 관계자는 ""솔리다임이 P44 프로를 국내서 출시하지 않지만 브랜드 인지도를 쌓기 위해 한국 시장에서도 제품 홍보에 적극 나서는 듯 하다""며 ""해외 직구족을 공략하기 위한 측면도 있는 듯 하다""고 밝혔다.이처럼 솔리다임이 고성능 게임용 SSD 신제품을 출시한 것은 소니 '플레이스테이션5(PS5)'와 마이크로소프트의 '엑스박스 시리즈X' 등이 최신 하드웨어를 탑재해 출시하며 대역폭이 늘어난 PCIe 4.0 슬롯 SSD에 대한 수요가 점차 늘어나고 있어서다.업계에 따르면 전 세계 게이밍 시장 규모는 지난 2020년 기준 1천749억 달러로, 2024년까지 성장세를 보일 것으로 전망된다. 또 PC와 콘솔 게임기, 모바일 등 플랫폼을 가리지 않고 매출이 상승세를 보이고 있다. 이 시장을 노리고 웨스턴디지털은 'WD 블랙 SN850 히트싱크'를, 씨게이트는 '파이어쿠다 530'을, 삼성전자는 '980 프로'를 출시한 바 있다.업계 관계자는 ""지난해 말 PS5 시스템 소프트웨어(운영체제)를 통해 PCI 익스프레스 4.0 기반 고성능 SSD 지원이 정식 시작되면서 주요 SSD 제조사들이 고성능 게임용 SSD 마케팅을 강화하고 있다""며 ""고성능 데스크톱PC에 국한됐던 고성능 게임용 SSD 시장을 콘솔 게임기로 넓힐 수 있다는 판단 때문""이라고 밝혔다.
]"
"[하반기부터 '콘솔' 기반 신규게임 줄줄이 나온다…주가, 상승 여력 충분]",https://n.news.naver.com/mnews/article/015/0004718244?sid=101,"[
게임업종 분석안재민 NH투자증권 연구원



게임 산업은 불황형 성장주라고 불린다. 금리, 환율, 유가 등 경기와 관련된 외부 변수보다는 신규 게임 출시와 흥행 여부가 회사의 실적과 주가에 더 영향을 미치기 때문이다. 올해 들어 다양한 외부 변수로 주식 시장이 약세장에 진입했다.불확실성이 커지면서 게임 업체의 주가도 동반 하락했다. 방어적인 성격을 가진 게임주들이 상반기 주가 하락이 컸던 것은 아쉬운 대목이다. 이는 게임 산업의 내부 상황에 기인한다. 지난해 이후 P2E(Play to Earn) 게임으로의 전환과 블록체인, 메타버스 등 IT 산업을 중심으로 한 개발자들의 수요가 급속히 증가했다. 게임업체 종사자들의 이직과 퇴사 등으로 인한 인력난이 심해졌다. 이에 게임 업체들의 신작 개발 일정이 지연되는 모습을 보였다. 게임업체들의 주가는 신규 게임 출시에 따라 큰 변동성을 보이는데, 이러한 점들이 올 상반기 주가 하락을 만든 요인으로 판단된다.올 하반기부터는 지연됐던 신규 게임들의 출시가 본격화되면서 게임 회사들을 둘러싼 센티멘트(투자심리)가 회복세를 보일 전망이다. 지난해 하반기부터 올해 상반기까지 엔씨소프트의 ‘리니지W’, 크래프톤의 ‘PUBG: New State’를 제외하고 중대형급 신규 게임 출시가 거의 없었다. 이에 따라 게임사들의 실적은 하락하고 있는 상황이다. 하지만 여름방학 시즌을 겨냥해 6월 신규 게임 출시가 나타나고 있는 데다 연말 성수기까지 신규 게임 출시가 이어질 전망이다.6월 출시한 카카오게임즈의 ‘우마무스메:프리티더비’, 넷마블의 ‘머지쿵야아일랜드’의 초반 성과가 양호하자 게임주에 대한 기대감이 다시 상승하고 있다. 넷마블의 ‘디즈니미러버스’, 위메이드의 ‘미르M’도 출시를 앞두고 있다. 7월 중 컴투스의 ‘서머너즈워:크로니클’, 넷마블의 ‘세븐나이츠레볼루션’ 등 중대형 게임들이 출시를 준비하고 있다. 이들의 흥행 여부에 따라 게임주의 주가도 상승할 것으로 기대한다. 이외에도 4분기 중 출시를 준비하고 있는 크래프톤의 ‘칼리스토프로토콜‘, 엔씨소프트의 ‘TL’(Throne and Liberty), 카카오게임즈의 ‘아레스:라이즈오브가디언즈’, 펄어비스의 ‘붉은사막’ 등도 기대를 받고 있다.하반기에는 관련 기대작들의 사전예약 등 각종 이벤트가 진행되면서 출시 시점까지 모멘텀이 극대화될 예정이다. 11월로 예정된 국내 최대 게임쇼인 ‘지스타2022’까지 다수의 신규 게임이 공개되는 자리가 만들어질 것으로 판단한다.하반기 기대작의 특징은 글로벌 시장 확장 가능성과 ‘콘솔’이라는 신규 플랫폼에 대한 도전이다. 콘솔 시장에서의 성공은 글로벌 시장 확장으로 이어질 수 있다. 이는 밸류에이션이 리레이팅(가치 재평가)될 수 있다는 점에서 큰 의미가 있다. 약 250조원에 달하는 글로벌 게임 시장에서 콘솔 게임 시장이 차지하는 비중은 25% 수준이다. 특히 서구권 시장에서 콘솔이 차지하는 비중이 높은 만큼 글로벌 시장 공략을 위해서는 콘솔에 대한 대응이 중요하다. 그동안 한국 게임 업체들은 콘솔에 대한 대응이 소극적이었고 관련 매출도 거의 없었다. 하지만 올해 출시가 예상되는 크래프톤의 ‘칼리스토프로토콜‘, 엔씨소프트의 ‘TL’, 펄어비스의 ‘붉은사막’ 등을 시작으로 콘솔 시장 진출 사례가 늘어날 것으로 보인다.최근 게임 산업은 변곡점을 지나고 있다. 산업 내에서 다수의 인수합병(M&amp;A)이 발생하고 있다. 또 메타버스, 블록체인, 대체불가능토큰(NFT)과 같은 새로운 기술과 접목한 변화들이 나타나고 있다. 실력 있는 개발자를 확보하기 위한 움직임 역시 활발하다. 변신을 위한 노력이 이어지고 있는 게임은 중장기적으로 성장 매력이 충분한 산업이라고 판단된다.
]"
[부진한 증시에도 목표가 오른 종목은?  수출 행진 방산주·신작 기대 게임주에 ‘밑줄’],https://n.news.naver.com/mnews/article/024/0000077594?sid=101,"[
			증시가 부진한 흐름을 이어간다. 코스피지수는 7월 2300 밑으로 빠진 후 8월 중순 2500선을 회복했지만 9월 27일 종가 기준 2223.86까지 다시금 조정받았다. 미국·중국 갈등 심화, 우크라이나·러시아 전쟁 장기화, 지속되는 인플레이션 등이 악재로 작용했다.여기에 미국 연방준비제도(Fed·연준)가 9월 21일 기준금리를 0.75%포인트 올리며 하락세를 부추겼다. 6월과 7월에 이은 세 번째 자이언트스텝(기준금리 0.75%포인트 인상)이다. 이로써 미국 기준금리는 3~3.25%가 됐다. 한국 기준금리(2.5%)보다 높다. 자본 유출을 막기 위해 한국은행 금융통화위원회가 올해 남은 10월, 11월 통화정책 방향 회의에서 금리를 올릴 가능성이 크다. 증시에는 악재다.이처럼 불확실성이 큰 상황에서도 일부 종목은 증권가에서 목표주가를 올려 투자자 관심을 끈다. 금융정보업체 에프앤가이드에 따르면 9월 증권가는 방산주와 유통주, 게임주 등의 목표주가를 높였다. 



미국·중국 갈등 심화, 우크라이나·러시아 전쟁 장기화, 지속되는 인플레이션 등에 증시가 부진한 흐름을 보인다. 이 가운데 방산주와 유통주, 게임주 등은 목표주가가 올라 투자자 관심을 모은다. 사진은 목표주가가 오른 네오위즈가 선보일 차기작 ‘P의 거짓’. (네오위즈 제공)  ▶방산주, 내수주서 수출주로 ▷폴란드, UAE 등과 계약 체결 그간 방위 산업 관련 종목은 ‘재미없는’ 주식으로 통했다. 주로 정부(방위사업청)를 상대로 사업을 하다 보니 실적은 안정적으로 유지할 수 있지만 폭발적인 성장이 기대된다는 평을 받지는 못했다. 내수주라는 꼬리표도 따라붙었다. 하지만 최근 대규모 수출 소식이 이어지며 방산 기업이 내수주에서 수출주로 탈바꿈하고 있다는 평이 나온다. 실적 성장에 가속도가 붙을 수 있다는 기대감이 크다. 한국항공우주산업(KAI)과 한화에어로스페이스, LIG넥스원 목표주가가 오른 이유다.한국항공우주는 9월 폴란드 군비청과 4조원대 규모 FA-50 항공기 공급 계약을 맺었다. 말레이시아, 이집트를 비롯한 다른 나라와도 수출 계약을 논의 중이다. 나승두 SK증권 애널리스트는 “글로벌 방산 시장에서 우리나라 전투기에 보내는 관심이 점점 커진다. FA-50은 가격 대비 성능이 뛰어나고 글로벌 베스트셀러 전투기 F-16과 호환성이 뛰어나다. F-16 전투기 수급이 원활하지 않은 상태에서 FA-50은 당장 운용 가능한 대체재로 높은 평가를 받는다. 추가 수출 가능성이 크다”고 설명하며 목표주가를 7만원에서 8만원으로 올렸다. 9월 27일 종가는 4만6850원이다.한화에어로스페이스는 100% 자회사 한화디펜스가 지난해 말 호주와 수출 계약을 맺은 데 이어 올해 이집트, 아랍에미리트(UAE), 폴란드와 수출 계약을 체결하며 수주 행진을 이어가고 있다.LIG넥스원은 한화투자증권과 SK증권, DB금융투자, 다올투자증권이 적정주가를 올렸다. UAE와 대규모 수출 계약을 맺은 데다 LIG넥스원으로부터 부품을 공급받는 방산 업체들이 수출 계약을 체결해 실적 성장이 기대된다는 이유에서다. 이봉진 한화투자증권 애널리스트는 “K2 전차(현대로템), K9 자주포(한화디펜스), FA-50 전투기(한국항공우주) 등에 LIG넥스원이 만드는 부품이 사용된다. K2, K9, FA-50 폴란드 수출 계약에 따라 LIG넥스원이 수혜를 입을 것으로 기대된다”고 설명하며 목표주가를 10만5000원에서 14만원으로 상향했다. 9월 27일 종가는 9만100원이다.유통주 중에서는 오리온과 신세계, KT&amp;G가 주가 상승 기대감이 크다.오리온은 중국 내수 소비 부진에 중국 실적이 부진하다. 그러나 한국과 베트남, 러시아 등 중국을 제외한 지역에서는 실적이 고공행진하고 있다. 8월 국내 영업이익은 전년 동월 대비 39.3% 늘었다. 베트남은 114.3%, 러시아는 171.4% 증가했다. 조상훈 신한투자증권 애널리스트는 “최근 9년 만에 국내 판매가 인상을 결정했다. 그간 쌓아온 브랜드 파워를 감안하면 점유율 하락 없이 영업이익 개선이 가능할 것으로 보인다. 상반기 봉쇄령으로 부진했던 중국 소비 역시 하반기에는 점진적으로 회복될 전망”이라며 오리온을 업종 내 톱픽(최선호주)으로 제시했다.신세계는 리오프닝(경제 활동 재개)에 속도가 붙으면서 연간 실적 추정치가 오르고 있다. 에프앤가이드에 따르면 9월 26일 기준 증권가가 예상하는 올해 신세계 매출은 7조6076억원, 영업이익은 7354억원이다. 6개월 전 예상 실적은 매출 7조2970억원, 영업이익 6232억원이었다. 주영훈 NH투자증권 애널리스트는 “소비 둔화 우려에도 백화점 매출 성장세는 꺾이지 않고 있다. 수익성이 좋은 패션 부문 성장률이 높아 수익성 지표 개선이 기대된다. 실적 기대감이 반영되며 주가가 저점 대비 소폭 반등했지만 여전히 역대 최저 수준”이라며 목표주가를 31만원에서 33만원으로 올렸다. KT&amp;G는 달러 강세에 따른 수출 담배 판매가 상승, 선물세트 수요 회복과 가격 인상에 따른 KGC인삼공사 실적 정상화가 실적을 끌어올릴 전망이다. 



  ▶‘P의 거짓’ 흥행 기대 네오위즈 ▷3대 게임쇼 게임스컴 수상 게임주 중에는 네오위즈와 컴투스 적정주가가 상향 조정됐다.네오위즈는 차기작 ‘P의 거짓’이 흥행 확률이 높다고 평가받는다. P의 거짓은 2023년 상반기 서비스 시작 예정인 PC·콘솔 게임이다. 동화 피노키오를 각색한 세계관을 담았다. P의 거짓은 8월 23일 독일 쾰른에서 진행된 세계 3대 게임쇼 ‘게임스컴 2022’의 전야제 ‘오프닝 나이트 라이브(Opening Night Live)’에서 ‘가장 기대되는 플레이스테이션 게임상’을 받았다. 게임스컴에서 한국 콘솔 게임이 수상작으로 선정된 것은 이번이 처음이다.컴투스는 8월 국내 서비스를 시작한 게임 ‘서머너즈워: 크로니클’을 11월 글로벌 시장에 내놓는다. 김하정 다올투자증권 애널리스트는 “컴투스는 글로벌 퍼블리싱 노하우를 보유한 만큼 현지화에 난항을 겪을 우려가 적다. 서머너즈워 IP 핵심 지역인 서구권 매출 기대감이 크다”는 의견과 함께 목표주가를 9만원에서 11만원으로 올렸다.방산주와 유통주, 게임주 외에는 하나투어와 에스엠 등이 주가 상승 여력이 크다고 평가받는다. 하나투어는 최근 코로나19 방역 정책이 완화되며 실적 반등 기대를 모은다. 해외여행 시 큰 부담으로 작용했던 한국 입국 전 PCR 검사 의무가 9월 3일 없어졌다. 여기에 국내 소비자 사이에서 인기가 많은 해외 여행지인 일본이 10월부터 입국자 수 상한을 없애고 무비자 개인 자유 여행을 재개하기로 했다. 홍콩과 대만 역시 입국 규제를 대폭 완화했다. 방역 정책이 풀리자 해외여행 수요는 급증하고 있다. 일례로 9월 1일부터 25일까지 하나투어 일본 여행 예약 건수는 전월 동기간 대비 1120% 늘었다.에스엠은 라이크기획과 프로듀싱 계약 조기 종료를 검토 중이라는 점이 기대를 모은다. 라이크기획은 이수만 에스엠 총괄 프로듀서가 운영하는 회사다. 에스엠은 라이크기획과 계약을 맺고 매년 프로듀싱 용역비 등을 지불하고 있다. 에스엠 주주인 얼라인파트너스 등은 용역비가 과하다는 지적을 해왔다. 박형민 케이프투자증권 애널리스트는 “라이크기획과의 계약이 올해 말 종료된다면 2023년 영업이익에 300억원 이상을 더하는 효과를 낼 것으로 추산된다”고 분석한다.[본 기사는 매경이코노미 제2178호 (2022.10.05~2022.10.11일자) 기사입니다]
]"
"[""게임을 하는 건 10대, 지르는 건 30대... 그래서 게이머는 '과정'을 잃었다""]",https://n.news.naver.com/mnews/article/469/0000698625?sid=105,"[
게임문화웹진 '게임제너레이션' 편집장 이경혁 인터뷰""게임, 게이머가 완성하는 문화... 그래서 비평이 중요""""부분유료화·확률형 아이템, 수요 있지만 폐해도 뚜렷""



2013년 서울 중구 명동의 한 PC방에서 학생들이 PC온라인게임을 즐기고 있는 모습. 한국일보 자료사진20세기 말에서 21세기 초, 어쩌면 현재까지도, 한국은 게임에 '미쳤다'.  세계 게임 산업의 중심이 한국은 아니다. 하지만 적어도 게임을 즐기는 수용자 문화의 측면에선 한국은 '누구나 게임을 잘 하는 은둔고수들의 나라'로 불리며 세계 사람들의 궁금증을 자아낸다. 지난 15일 만난 이경혁 '게임제너레이션' 편집장은 그래서 게임문화 비평이라는 작업이 필요하다고 말했다. 게임은 수용자 반응이 가장 중요한 콘텐츠이기 때문에 게임 자체만을 평가하는 기존의 비평을 넘어서, 게임을 붙잡고 있는 게이머들의 행동까지 모두 비평의 대상으로 다룰 수 있다는 것이다.현재 한국에서 유일하게 직업적인 의미에서 게임비평가라 할 수 있는  그가 편집장을 맡은 게임문화웹진 '게임제너레이션'은 최근 발행 1주년을 맞았다. 1주년 기념과 동시에 진행된 '게임비평공모전' 역시 예상을 넘는 관심을 받았다. 이 편집장 입장에선 자신이 추구하는 게임비평 영역에 대한 수요를 확인할 수 있는 기회였다. 이 편집장에게 국내 게임업계의 주어진 당면 과제와 향후 전망 등에 대해 들어봤다.-게임 비평잡지인 '게임제너레이션'과 비평 공모전은 게임의 비평을 꾸준히 게재할 수 있는 장이 필요하다는 취지로 시작한 것으로 이해하고 있다. 하지만 시작하기가 쉽지는 않았을 것으로 생각한다. 시작하게 된 계기를 알고 싶다.""늘 게임을 '문화적'인 의미로 다룰 수 있으면 좋겠다고 생각하고, 그 방법을 몇 년째 찾고 있었다. 하지만 그게 나 혼자 되는 것이 아니고, 사람과 돈, 그리고 자원이 필요한 문제였다. 그때 현재 다니고 있는 대학원의 지도교수인 윤태진 교수(연세대 커뮤니케이션대학원)를 통해서 게임 개발사 크래프톤과 게임문화재단에 연락이 닿았다. 크래프톤은 '배틀그라운드'로 유명한 기업이고, 게임문화재단은 국내 주요 게임 기업들이 함께 기금을 내서 주로 중독 치유 사업을 해 오고 있는 재단이다. 둘 다 '게임을 문화로 다루는' 사업을 지원하고 싶어했다. 게임문화재단은 2000년대 초에도 비슷한 주제로 오프라인 잡지를 내려고 시도한 적이 있다. 사실 개인적으로 '게임은 문화다'라는 구호는 좋아하지 않는데, 업계 입장에선 그 구호를 어쨌든 실천하는 길을 필요로 한다. 그런 면에서 구호를 단순히 내걸기보다는 게임을 정말 문화로 다루자는 내 의도가 좀 더 매력적으로 다가갈 수 있었다. 잡지는 100% 후원으로 돌아가며, 편집권도 보장된다.""



이경혁 게임평론가, '게임제너레이션' 편집장. 게임문화재단 제공-게임문화웹진을 운영하면서 '게임은 문화다'라는 구호를 좋아하지 않는다는 말이 의외로 들린다. 최근 게임이 문화예술진흥법상 문화의 범주에 포함될 수 있도록 법률 개정이 이뤄지기도 했는데.""현재 한국에서 게임을 둘러싼 담론은 크게 두 가지다. 하나는  4차 산업혁명의 첨병, 수출의 효자, 산업육성 담론이 있다. 다른 하나가 중독 규제담론이다. 아이들에게 위험하니 차단해야 하고, 규제해야 한다는 거다. 이에 대항해 새로운 방향을 제시하고자 나온 것이 '게임은 문화다'라는 구호다.그런데 '게임은 문화다'라고 했을 때, 여기서 문화라는 것은 '예술로서의 문화'를 의미한다. 분명히 인디게임(유통과 지원에서 독립적인 비상업적 게임) 중에는 '예술로서의 문화'에 합당한 게임도 많다. 하지만 한국의 토양에서 문화로 언급할 수 있는 게임이 많이 만들어지진 않는다. 게임이라는 것을 만들 때 상업성을 완전히 무시할 수 없는 것이 현실이다.그런데 역으로 게임을 예술이 아닌 넓은 의미의 문화라고 한다면 당연히 문화의 범주에 들어간다고 할 수 있다. 그러면 우리가 게임을 문화예술로 선언하는 것이 아니라, 게임을 그 자체로 문화로 대우하고, 다루고, 이야기하는 작업을 해야 한다. 게임을 하는 사람들이 그 세계 안에서 어떻게 살아가고, 서로 어떤 교류를 하는가를 얘기해 줘야 하는데, 그 작업은 지금까지 잘 안 됐다.""



지난해부터 발행된 '게임제너레이션' 각 호에는 '레트로' '보는 게임' '게임과 지역' 등 집중적으로 다루는 주제가 있다. 게임제너레이션 홈페이지 캡처-게임을 게임문화 그 자체로 다루자는 말은 게이머들에게조차 생소할 수 있을 것 같다. 지금까지 1년 정도 웹진을 운영해 왔는데, 반응은 어떤가?""사실 영화도 처음에는 문화예술로서의 수요보다는 첨단 기술의 결과물과 상품으로서 ""와, 신기해"" 하면서 보는 수요가 있었다. 사진이 그랬고, 텔레비전(방송)도 그랬다. 게임이 현재 그런 상태다. 그 시간을 넘어서 새로운 창작의 가능성을 보여줄 수 있는 것이 비평의 역할이다. 비평을 통해 게임 안에도 인간과 사회를 비추는 거울이 있다고 인식할 수 있다.지금까지 1년 정도 해 온 결과, 게임을 하는 게이머보다는 교양 독자라고 부를 수 있는 층이 좀 더 관심을 갖는 건 사실이다. 게이머는 사실 게임을 하느라 시간이 없어서 글을 읽기는 어렵다고 본다. 저도 게이머이자 글 쓰는 사람인데, 둘 다 시간이 너무 드는 작업이라는 것을 체감한다.""게이머가 수용하거나 수용하지 않음으로, 비로소 게임은 완성된다



지난 8월 20일 진행된 '게임제너레이션 창간 1주년 기념식과 비평공모전 시상식' 기념 사진. 왼쪽 위부터 장려상 김규리, 장려상 이선인, 게임제너레이션 이경혁 편집장, 장려상 김서율, 장려상 박동수, 아래부터 우수상 김지운, 심사위원장 윤태진 교수, 우수상 김도근씨. 게임문화재단 제공'게임제너레이션'은 지난 7월부터 '제1회 게임제너레이션 게임비평공모전'의 공모를 받았다. 주제는 게임과 관련된 것이라면 제한이 없었다. 90여 개의 응모작 중 수상작 9개는 '게임제너레이션' 7호에 게재됐고 상금이 주어졌다. 이 편집장은 예상을 뛰어넘는 응모작 수였다고 말했다.-최근 게임비평공모전을 진행했는데, 공모 결과 수상작들을 보니 확실히 게임을 잘 아는 편인 학술 지식층이 게임을 다루는 듯한 인상을 받았다. 그런 독자들만 공모에 참여한 게 아닌가?""그런데 사실 공모에 참가한 저자의 절반 정도는 학술 연구자, 다른 절반 정도는 게이머였다. 5 대 5 정도의 비율로 들어왔다. 그런데 게이머 정체성의 저술이 결과적으로는 높은 평가를 받지 못했다. 의도한 바는 아니다. 개인적으로는 아쉽다. 원래 '게임제너레이션'의 방향이 '학술지보다 가볍게, 보통 게임 웹진보다 무겁게'인데, 공모전 결과는 그 균형이 깨졌다. 비평이 이론적이고, 논거를 가져와서 만들어야 하는 과학적 글쓰기는 아니라고 생각한다. 매우 주관적이고 반짝이는 한순간의 아이디어일 수도 있다. 단순하게 게임을 하고 어떤 감정을 느꼈다는 서술이 수상작에 포함될 수 있다고 생각했다. 다만 웹진에서 기대하는 '게임비평'에 이르지 못한 작업이 많았다는 점이 아쉬웠다.예를 들어 공모전에 '한국 게임사들은 게이머 말을 잘 들어야 한다. 게임사들은 각성하라.' 이런 취지의 글이 10건 이상 들어왔다. 그건 중요한 감정이다. 좀 더 이야기돼야 할 필요가 있다. 하지만 단순히 기존 언론 보도나 인터넷 게시판 등에 많이 언급된 수준은 넘어서야 했다. 한국의 게임산업이 왜 이렇게 돌아가고, 이용자는 그 게임을 가지고 어떻게 행동하고, 이런 얘기들을 좀 더 자세하게 보고 싶었다.""



한국의 '개인 컴퓨터 게임'을 중심으로 발달한 게임 문화는 한국 사회의 게임을 바라보는 관점에서 비롯됐다. 게티이미지뱅크-한국의 비평을 중심으로, 국제적으로도 많이 참고가 되는 웹진을 지향한다고 하신 적이 있다. 한국만의 게임비평이 가능하다는 얘기인데.""사실 모든 게임연구는 '지역연구'라고 생각한다. 동일한 게임을 하더라도, 수용하는 방식이 다르다. 예를 들어 보자. 북미는 게임이 콘솔(플레이스테이션, 위, 엑스박스 같은 게임 전용기기를 말함) 중심으로 보급됐다. 그래서 게임 대회도 콘솔 중심으로 열었다. 서구에선 게임이 넓은 거실과 큰 텔레비전을 의미한다. 서로의 거실에 게임 기계를 들고 와서 파티를 하고 경쟁하는 문화다.그런데 우리나라에선 게임을 하면 안 되니까, 부모가 게임기를 안 사줬다. 대신 컴퓨터(PC)를 방 안에 들여놨다. 컴퓨터 다루는 법을 교육해야 한다고 해서. 근데 사실 그렇게 산 컴퓨터로 다들 게임을 했다.  1998년도에 스타크래프트가 발매되고, 통신사들이 네트워크 산업에 주력하면서 컴퓨터를 여럿 들여놓는 PC방이라는 멀티플레이 게임방이 등장했다. 그렇게 해서 스타크래프트를 중심으로 PC를 통해 네트워크 게임을 하고, 대회를 여는 'e스포츠'가 탄생한 것이다.그래서 사실 '한국적인 게임 문화'를 가장 잘 드러내는 것이 'e스포츠'다. 현재 전 세계의 e스포츠 대회는, 사실 한국의 맥락에서 형성돼 전 세계로 보급된 시스템이다. 한국의 특수성이 전 세계의 표준이 된 거다. 한국은 게임 개발은 몰라도 게임을 플레이하는 측면에 있어서는 세계 최고 선진국이다. 이걸 외국 연구자들도 안다. 그래서 만나면 왜 한국 게임 문화 얘기가 글로 나와 있는게 없냐고 궁금해 한다.""



프로게이머가 등장하는 '이스포츠 대회' 모델은 한국적 맥락에서 발달해 전 세계의 표준이 된 게임 문화의 한 사례다. 사진은 부산 e스포츠경기장인 브레나에서 열린 리그 오브 레전드(LoL) 국제대회인 ‘미드 시즌 인비테이셔널(MSI)' 예선. 부산시 제공-결국 게임을 단순히 리뷰하는 데서 그치지 않고 게이머들의 반응과 적극적인 행동까지 비평의 대상으로 포함해야 한다는 얘기로 이해하게 된다. 수상작 가운데서도 그런 관점으로 써낸 비평이 많았다.""게임학의 역사는 상당히 짧은데, 대부분 텍스트에만 집중을 하고 있다. 하지만 실제 게임이 이뤄지는 순간은 텍스트가 아니다.  게임은 텍스트의 비중이 다른 매체보다 떨어진다. 게임을 완성하는 것은, 결국 수용자, 즉 게이머다. 앞서 얘기했듯이 똑같은 게임 소프트웨어도 지역마다 너무 다르게 플레이되지 않나.게이머는 심지어 어떤 때에는 게임이 지시하는 바를 '수용하지 않음'으로서 게임을 완성시킨다. 예를 들어 스타크래프트에서 프로게이머들이 '뮤탈 뭉치기'를 발견한 것은 개발사의 의도가 아니었을 것이다. 그런데 발견했고, 지금은 '뮤탈 뭉치기'를 사용하지 않으면 제대로 된 저그가 아니다. 이건 텍스트가 아니라, 누적된 경험의 보편화에서 만들어진 하나의 사회적 행위다.('뮤탈 뭉치기'란, 스타크래프트라는 게임에서 저그의 공중 공격 유닛인 '뮤탈리스크'를 다른 느린 유닛과 묶어서 여러 개의 유닛을 하나인 것처럼 보이게 하는, 일종의 버그를 이용한 플레이 기술을 말함)



게임 '스타크래프트'에서 '뮤탈리스크 뭉치기' 컨트롤은 프로게이머들이 발견한 일종의 버그성 플레이지만, 현재는 게임의 개발사 블리자드에서도 공인한 필수 전략으로 인정받고 있다. 유튜브 캡처방송이나 기존 미디어는 하나를 만들어서 똑같은 게 대량 복제된다. 게임은 게이머가 이것을 가지고 무엇을 하느냐, 무엇을 만들어 내느냐가 더 중요하다. 워크래프트 3이라는 게임 안에서, 카오스와 도타라는 이용자들이 자발적으로 만들어낸 게임이 유행했고, 그게 현재의 롤(리그 오브 레전드·LOL)로 이어졌다. 롤을 만들어낸 것도 어떻게 보면 '수용자'로 보이는 게이머다.앞으론 게임비평도 그런 쪽을 짚어야 한다. 그래서 최근 게임 비평의 좋은 예로 생각하는 것이 유튜브 '중년게이머 김실장'이다. 이 유튜브는 한국의 주류 게임 중 하나인 리니지와 그와 유사한 게임들을 다각도로 분석하는데, 산업적인 측면에서 BM(비즈니스 모델, 게임에서 돈벌이를 하는 방식)을 어떻게 설계했느냐와, 실제 게임을 하는 사람들이 그 BM을 어떻게 수용하고 활용하는가를 동시에 짚어 준다.""게임은 젊은이들만 한다? '현질'은 30대 이상이 더 해



엔씨소프트의 게임 '리니지W' 화면. '리니지' 시리즈의 최근작에서 게임의 디자인과 게이머의 지불을 유도하는 방식은 업계의 표준으로 통용되면서 '리니지라이크'라는 용어까지 만들어지는 데 이르렀다. 이런 게임을 하는 이들은 '린저씨'라는, 30대 이상의 남성으로 표상된다.지난 한 해는 '확률형 아이템'을 둘러싼 게이머와 게임사 간의 분쟁의 시기였다. 여진은 게임사의 게임 운영 전반에 대한 불만으로 번지면서 올해까지 이어지고 있다. 이런 분쟁의 근본에는 ""게임사가 부분유료화 모델을 바탕으로 과도한 수입을 가져 가면서 정작 제대로 된 대가를 내놓지 않는다""는 게이머들의 불만이 있다. 그럼에도 이런 게임들은 막대한 매출을 올린다. 액티비전블리자드의 '디아블로' 시리즈에서 파생한 모바일 게임 '디아블로 이모탈'은 '현질 유도(돈을 쓰게 만듦)'가 지나치다는 비판을 받지만 실제로 돈을 지갑에서 꺼내게 만들면서 호실적을 자랑하고 있다. 흔히 한국, 일본, 중국 등에서 유행하는 '아시아식 가챠'가 서구까지 번지고 있는 것이다. 이에 서구 일각에서 규제 논의도 활발하지만, 기업들은 이런 방식이 이미 게임업계에서 어느 정도 통용된다는 입장을 내놓으며 반발하고 있다.-리니지 얘기가 나왔는데, 최근 국내외의 게임 개발사들이 비슷하게 부분유료화 모델을 채택한 후 '확률형 아이템'에 지나치게 의존하고 당장의 수익에 집착한다는 지적이 있다.""개인적으로 현세대의 리니지 같은 게임을 선호하지 않는다. 나뿐 아니라 옛 세대의 게이머들 가운데는 기본적으로 '현질'을 싫어하는 성향이 있다. 현실과 유리된 공정한 세계에서 성과를 얻고 싶은 거다. 순수하게 속옷 한 장 입고 칼 한 자루 들고 처음부터 시작하는 그런 게임이 '진정한 게임'이고 돈을 써서 능력과 아이템을 사는 건 가짜라는 관점이다.그런데 시장 매출의 측면에서 보면 그렇지 않다. 사람들 얘기는 확률형 아이템을 싫어하는데, 돈은 엄청나게 번다. 말을 하지 않는 누군가가 계속 결제를 하고 있다는 얘기다. 그러면 그들은 게임을 안 좋아하는 사람들인가. 단지 다른 형태의 게임을 하고 있을 뿐일 수도 있다. 그러다 보니 게임사들도 그런 방향으로 자꾸 가는 거다.



'노년 게이머'는 이미 다가온 미래일 수 있다. 게티이미지뱅크원인은 이렇다. 게이머들이 나이를 먹었다. 게임을 하고는 싶은데, 길게 시간을 들이지는 못한다. 길게 하면 가족에게 혼나고, 몸도 피곤하다. 젊었을 때는 돈이 없었고 시간이 많았는데, 나이가 들어서는 돈은 있고 시간은 없으니, (성장하는 데 들어가는) 시간을 건너뛸 수 있다면 돈을 낼 용의가 있다는 것이다.한국형 모바일 게임에 돈을 많이 쓰는 사람은 40대에서 50대까지다. 이 사람들은 어렸을 때 게임을 해봐서 추억이 있는데, 어렸을 때 해봤던 '카트라이더 러쉬플러스' 같은 게임이 나와 있다. 그러면 점심 때 그 게임을 한번씩 하고, 아이템도 사고, 풍선도 매달고 하는 것이다. 어렸을 때는 없었던 돈이 있으니까. 게임사들도 그래서 모바일 게임으로 옛날 게임을 자꾸 복구시킨다. 올해 비판을 받았던 '디아블로 이모탈'도 사실 그런 측면을 노린 것이다. 지금 게임사들이 30대를 노린 게임을 만든다.그럼 무료로 같은 게임을 하는, 돈을 못 쓰는 10대와 20대는 억울하지 않을까. 그런데 최근에는 이쪽 세대의 게임 수익 모델에 대한 관점도 조금 달라졌다. 돈을 많이 쓰는 사람들의 영역을 인정하고, 저기는 저들의 영역이니까 상관하지 말고, 저 사람들이 돈을 쓰니까 내가 무료로 게임을 할 수 있다고 생각하자, 이런 반응이 나온다.""문제는? ①과정과 모험담의 상실 ②게임사가 '게임 숙련도'를 가져갔다-그러면 시장의 매출대로 따르는 것이 무조건 옳은가? 분명히 문제가 있으니 게이머들이 불만을 제기하는 것일 텐데.""무조건 시장만 따라가는 것은 당연히 잘못된 것이다. 부분유료화와 확률형 아이템 게임에는 폐해가 분명히 있다. 두 가지 정도를 생각해볼 수 있다. 우선 게임 내적인 문제인데, 과정의 재미가 상실된다는 점이다. 모험담이 없고, 최종 결과만 남는다.예전에는 게임에서 캐릭터의 레벨(능력)을 올리는 것이 즐거운 작업이었다. 그런데 어느 시점에는 적의 능력이 너무 강해져서 벽에 부딪치는 순간이 온다. 그때 하는 일이 일부러 난이도가 낮은 적을 잡아서 능력치를 더 올리는 '레벨업 노가다'다. '노가다'라는 표현 자체가 이 작업이 지겨운 업무라는 것을 암시한다. 그래서 능력치를 이제는 게임사가 판매를 한다. 우회로가 뚫리는 거다. ""이 과정이 지겹고 귀찮으시면 5,000원만 내면 프리패스가 됩니다"" 이런 식이다. 



인기 격투게임 ‘철권7’. 대전액션 게임의 특징은 '고수 게이머'의 존재이며, 이런 게임의 유료 상품은 게임 속 능력치와 무관하다. 유튜브 캡처다른 하나는 이런 부분유료화 게임들의 특징이 게임의 능력치 자체가 게이머가 아닌 서버에 쌓인다는 점이다. 예전에는 게임에 '난이도와 숙련도의 길항'이라고 부르는 요소가 있었다. 쉽게 말해, 게임을 잘하게 되면 게임이 쉬워졌다. 그러면 같은 돈으로 더 오래 게임을 즐길 수 있다.예를 들어 어렸을 때 오락실에서 어떤 게임을 잘하면, 동전 하나만 넣고 두 시간이고 세 시간이고 붙잡고 할 수 있다. 그러면 오락실 아저씨가 와서 동전 하나 주고 너 집에 가, 이렇게 얘기한다. 업주 입장에선 손님의 회전이 안 되니까 하는 행동이다.과거에는 분명히 내가 낸 돈의 가치가, 내가 게임을 잘하면 더 높아졌다. 게임의 숙련도가 게이머의 몸에 쌓이니까. 한 번 '철권(오락실과 콘솔 기반의 대전액션게임)'의 고수가 되면, 평생 철권의 고수다. 하지만 요즘의 게임은 그렇지 않다. 능력이 수치로 누적되고, 그게 게이머의 몸이 아닌 서버에 쌓인다. 게임사가 플레이어의 숙련도를 가져간 것이다. 이제는 숙련도를 얻으려면 무조건 오래 버티거나 돈으로 구매해야 한다.



'디아블로 이모탈'의 유료 아이템인 '전설 문장'은 '전설 보석'의 획득 확률을 올리기 위해 사용된다. 게이머들은 '사실상 유료 랜덤박스'라고 주장한다. 디아블로 이모탈 화면 캡처아이템도 마찬가지다. 예전에는 이용자가 어렵게 획득하거나 만들어낸 아이템을 이용자들끼리 자체적으로 비싼 가격에 팔 수 있게 했다. 그런데 어느 순간 이를 기간한정 아이템이나, 기간한정 효과 같은 걸 판매하는 식으로 해서 대부분 게임사 수익으로 바꿔 버렸다. 다만 이 아이템을 돈을 준다고 다 그냥 주면 안 되니까 일정한 리스크를 부여하자, 그래서 나온 게 확률형 아이템이다.'확률형 아이템'이라는 개념에 오해가 있는데, 확률은 문제가 아니다. 사실 모든 게임은 수리적으로 분명한 규칙에 따라 움직이기 때문에, 무작위 변수를 창출할 수 있는 방법은 확률을 도입하는 게 맞다. 그런데 현재 확률형 아이템의 문제는 거기에 현실의 돈이 결부된다는 것이다. 가상 세계의 규칙이 아닌, 현실 세계의 규칙이 내 게임과 캐릭터를 지배한다. 그래서 한편의 이용자들은 돈을 잔뜩 쓰고, 다른 한 편의 이용자들은 불만을 품는다.""""게임이 폭력을 부른다? 게임은 이미 인간 사회다""



온라인 게임이 일상화하면서 이용자들 간 온라인 폭언과 폭력에 대한 우려도 제기된다. 게티이미지뱅크게임에 여전히 따라붙는 '폭력성 논쟁'에 대해서 이 편집장은 쉽게 결론을 내리기는 어려운 문제라고 말했다. 이 역시, 게임 자체보다는 게임을 받아들이는 게이머까지 보면서 검토해야 할 문제라고 지적했다. 막연히 문제시하고 차단하는 방식보다는, 게임 자체가 이미 사람들을 엮는 하나의 사회로 존재하고 있다는 관점으로 접근해야 한다는 것이다.-게임의 '폭력성'에 대해서도 얘기해 볼 필요가 있다. 기성 세대는 게임을 폭력적이라고 몰아세우는 태도가 심하고, 게이머들은 이에 반발해 어디까지나 가상일 뿐이라며 폭력성에 대한 비판을 원천 봉쇄하려는 경향을 보인다. 이 양 극단을 어떻게 좁혀야 할까?""게임의 폭력성도 우리가 얘기한 기준으로 보면 두 가지가 있다. 텍스트의 폭력성과 이용자의 폭력성. 예를 들면 현재 '롤'에서 흔히 폭력성으로 지적되는 것은 이용자 간 폭력성이라고 할 수 있다. 하지만 그걸로 '롤'이란 게임 자체가 폭력적이라고 얘기하긴 어렵다.예전에 유명한 방송사 기자처럼 PC방에서 다짜고짜 전원을 내려 놓고 게이머가 화낸다고 해서 게임 자체가 폭력적이라는 증거가 되는가? 결코 그렇지 않다. 그런 관점은 사람을 오히려 수동적인 수용자로 너무 낮게 보는 것이다.물론 게임 자체의 문제가 아예 없다고 말할 수는 없다. 그래서 현재 게임에 등급 분류라는 게 있다. 누군가는 그걸 검열이라고 말하겠지만, 사회적으로 합의한 가이드라인은 필요하다. 다만 어떤 게임이 폭력적이라 규제해야 한다, 혹은 그렇지 않다고 쉽게 결론을 내릴 수 있는 건 아니다. 오늘날 한국 사회에서 어디까지가 위험한 폭력인지를 계속 얘기하고 조정해야 한다.지금은 게임과 현실을 뗄 수가 없는 시대다. 게임의 주력이 온라인 게임이 되고, 모바일 게임이 되면서, 많은 사람들이 상시적으로 게임에 접속한 상태가 됐다. 일상이 가상에 녹아있는 것이다. 게임은 이미 사람들이 살아가는 사회다. 너도나도 게임을 하는 시대이기 때문에 더욱 게이머에 대한 비평적 접근이 필요하다. 그리고 그 속에서 실천적인 이야기를 더 많이 할 수 있다면 폭력성에 대한 논의도 생산적으로 풀어갈 수 있을 것이다.""
]"
